"navn","kommune","fylke","kategori","iua","lenke_faktaark","longitude","latitude","uuid_original","nodhavnnummer","forvaltningsstatus"
"Bjerkvik","Narvik","Nordland","1","Ofoten","https://kystinfofiler.kystverket.no/beredskap/Nodhavn/Nordland/Bjerkvik.pdf","17.535667280249744","68.53741157528556","25a71561-1e78-4683-98b6-fce51577c74a","-99","Vedtatt"
"Bogen","Evenes","Nordland","2","Ofoten","https://kystinfofiler.kystverket.no/beredskap/Nodhavn/Nordland/Bogen i Evenes.pdf","17.031465966335507","68.489507758646781","39bbb6c5-929a-4ffe-aa33-7b6424dca7f2","-99","Vedtatt"
"Vikholmen","Alstahaug","Nordland","2","Helgeland","https://kystinfofiler.kystverket.no/beredskap/Nodhavn/Nordland/Vikholmen.pdf","12.434751712708071","65.933528632890329","b3a0b8b1-21bd-4b1f-8c52-6ffe91bef4b4","-99","Vedtatt"
"Gleinskallen","Dønna","Nordland","2","Helgeland","https://kystinfofiler.kystverket.no/beredskap/Nodhavn/Nordland/Gleinskallen.pdf","12.635113727625821","66.166943550503831","030d8d66-dd4e-4d0c-976e-377987103ae1","-99","Vedtatt"
"Nerdal","Rana","Nordland","1","Rana","https://kystinfofiler.kystverket.no/beredskap/Nodhavn/Nordland/Nerdal.pdf","13.962711298628177","66.272262621516333","175a6dda-656a-466e-bd90-dac5023eec02","-99","Vedtatt"
"Utskarpen","Rana","Nordland","1","Rana","https://kystinfofiler.kystverket.no/beredskap/Nodhavn/Nordland/Utskarpen.pdf","13.587388142961203","66.27991978417208","8bcc42b0-35bf-4f9f-b3c1-bae4a08c4bfb","-99","Vedtatt"
"Landegode NØ","Bodø","Nordland","1","Salten","https://kystinfofiler.kystverket.no/beredskap/Nodhavn/Nordland/Landegode NO.pdf","14.432471839788148","67.431213840229404","c883fd4a-dd01-49c9-a0ad-90038c341507","-99","Vedtatt"
"Breivika","Bodø","Nordland","2","Salten","https://kystinfofiler.kystverket.no/beredskap/Nodhavn/Nordland/Breivika_Bodo.pdf","15.14037179331906","67.216475833447845","9d2949ad-6036-4fd5-8469-5410582b4267","-99","Vedtatt"
"Skjoldehavn","Andøy","Nordland","2","Lofoten og Vesterålen","https://kystinfofiler.kystverket.no/beredskap/Nodhavn/Nordland/Skjoldehavn.pdf","15.501790994790021","68.865383657983813","295d074b-2eb1-4777-9a38-f0fbc4771495","-99","Vedtatt"
"Gisløy","Øksnes","Nordland","1","Lofoten og Vesterålen","https://kystinfofiler.kystverket.no/beredskap/Nodhavn/Nordland/Gisloy.pdf","15.298576231186697","68.929595993789476","0280fb69-ec0f-4cf5-960a-b8d9598bc3ec","-99","Vedtatt"
"Frengenbukta","Ørland","Trøndelag","2","Sør-Trøndelag","https://kystinfofiler.kystverket.no/beredskap/Nodhavn/MoreOgRomsdal/3162402_Frengenbukta.pdf","9.923333333412183","63.729999999966402","e68e6b69-c225-4f7f-a324-d8ca93e2457e","3162402","Vedtatt"
"Høydalsvika","Øksnes","Nordland","2","Lofoten og Vesterålen","https://kystinfofiler.kystverket.no/beredskap/Nodhavn/Nordland/Hoydalsvika.pdf","15.024994816539031","68.931150954450743","52f69751-ae22-489c-a7a3-3908be031cfc","-99","Vedtatt"
"Lekang","Hadsel","Nordland","2","Lofoten og Vesterålen","https://kystinfofiler.kystverket.no/beredskap/Nodhavn/Nordland/Lekang.pdf","14.966406609378245","68.515295263796119","9603119f-c0a1-4c12-bd58-e3a059004b4b","-99","Vedtatt"
"Haugbukta","Vestvågøy","Nordland","3","Lofoten og Vesterålen","https://kystinfofiler.kystverket.no/beredskap/Nodhavn/Nordland/Haugbukta.pdf","13.499479068353958","68.143344942354219","1af4368f-1e74-441b-8e89-39900377b40c","-99","Vedtatt"
"Nappstraumen","Flakstad","Nordland","2","Lofoten og Vesterålen","https://kystinfofiler.kystverket.no/beredskap/Nodhavn/Nordland/Nappstraumen.pdf","13.438941608801008","68.109691836619177","809966cf-f484-4264-bb14-2c39ea57e3cc","-99","Vedtatt"
"Skjelfjorden","Flakstad","Nordland","2","Lofoten og Vesterålen","https://kystinfofiler.kystverket.no/beredskap/Nodhavn/Nordland/Skjelfjorden.pdf","13.244513848064868","68.020154235683279","8ad6fcbc-072c-4f53-95a1-f3c3b9141511","-99","Vedtatt"
"Kandstadfjorden","Lødingen","Nordland","1","Ofoten","https://kystinfofiler.kystverket.no/beredskap/Nodhavn/Nordland/Kandstadfjorden.pdf","15.803172443104657","68.39243859136414","fb549916-219a-4dde-84f5-1bb6b6a9ad9c","-99","Vedtatt"
"Sjomen","Narvik","Nordland","1","Ofoten","https://kystinfofiler.kystverket.no/beredskap/Nodhavn/Nordland/Sjomen N.pdf","17.164453421934351","68.405129925632863","8b21e3c9-c7c2-4c5f-bb09-7e229c50ca43","-99","Vedtatt"
"Skutvik","Hamarøy","Nordland","1","Ofoten","https://kystinfofiler.kystverket.no/beredskap/Nodhavn/Nordland/Skutvik.pdf","15.346289825269055","67.997982559900393","e3bf0259-d5e8-44b2-9066-8251a002ae3d","-99","Vedtatt"
"Grøtøyleia","Steigen","Nordland","2","Salten","https://kystinfofiler.kystverket.no/beredskap/Nodhavn/Nordland/Grotoyleia.pdf","14.758344580825927","67.875081071100155","b99d5792-dc49-4781-9493-e113b95fee2d","-99","Vedtatt"
"Bårdsteinvika","Bodø","Nordland","2","Salten","https://kystinfofiler.kystverket.no/beredskap/Nodhavn/Nordland/Bardsteinvika.pdf","15.054949157415711","67.516456857784263","62f55fa2-9e31-4cbb-aafa-32b57f630305","-99","Vedtatt"
"Hammerfall","Sørfold","Nordland","2","Salten","https://kystinfofiler.kystverket.no/beredskap/Nodhavn/Nordland/Hammerfall.pdf","15.559271514106126","67.385880165204355","d233ede2-ea6a-48fd-8312-9e7003ad9332","-99","Vedtatt"
"Grønnholmen","Narvik","Nordland","2","Ofoten","https://kystinfofiler.kystverket.no/beredskap/Nodhavn/Nordland/Gronnholmen.pdf","16.995813825286053","68.373680708838037","35d516e5-2e8f-446c-8865-5209ecea1b4a","0","Vedtatt"
"Landegode S","Bodø","Nordland","2","Salten","https://kystinfofiler.kystverket.no/beredskap/Nodhavn/Nordland/Landegode S.pdf","14.278851651039812","67.348471895938658","28e6eb81-604e-4383-b23d-2276ea7a5519","-99","Vedtatt"
"Hjartøysundet","Bodø","Nordland","3","Salten","https://kystinfofiler.kystverket.no/beredskap/Nodhavn/Nordland/Hjartoysundet.pdf","14.333961758597226","67.289974371161932","b2b7faa3-9f57-4b5e-b0a9-9a78006febef","-99","Vedtatt"
"Fleina","Gildeskål","Nordland","1","Salten","https://kystinfofiler.kystverket.no/beredskap/Nodhavn/Nordland/Fleina S.pdf","13.88763141453548","67.093930048297821","1694379c-3de7-4324-9bcd-3ad07c576650","-99","Vedtatt"
"Fugløya V","Gildeskål","Nordland","1","Salten","https://kystinfofiler.kystverket.no/beredskap/Nodhavn/Nordland/Fugloya V.pdf","13.724171298239696","67.065614233954506","51a7208a-4e38-43c2-978d-d8ae67d12393","-99","Vedtatt"
"Teksmona","Meløy","Nordland","2","Salten","https://kystinfofiler.kystverket.no/beredskap/Nodhavn/Nordland/Teksmona N.pdf","13.586695646571322","66.897720716970397","a698a718-dfe4-4a78-a1d6-df96087a4e39","-99","Vedtatt"
"Renga","Rødøy","Nordland","2","Salten","https://kystinfofiler.kystverket.no/beredskap/Nodhavn/Nordland/Renga O.pdf","13.160912627917542","66.610784387284923","a960c440-596c-498b-9b4e-dbdc9571678c","-99","Vedtatt"
"Hellesvika","Leirfjord","Nordland","2","Helgeland","https://kystinfofiler.kystverket.no/beredskap/Nodhavn/Nordland/Hellesvika.pdf","12.914673382872502","66.027456467244775","3e308e18-872b-4c2c-a59a-9e091fbbda03","-99","Vedtatt"
"Ylvingen V","Vega","Nordland","2","Helgeland","https://kystinfofiler.kystverket.no/beredskap/Nodhavn/Nordland/Ylvingen V.pdf","12.065168205481616","65.625607399141543","439e6e0e-949c-45c6-b343-38e8b0b61617","-99","Vedtatt"
"Ormøya","Brønnøy","Nordland","3","Helgeland","https://kystinfofiler.kystverket.no/beredskap/Nodhavn/Nordland/Ormoya NV.pdf","12.136999497579076","65.436418281751216","00fe47c0-4122-4b6b-9962-9353bd67ad8d","-99","Vedtatt"
"Bjørnstigodden","Sømna","Nordland","2","Helgeland","https://kystinfofiler.kystverket.no/beredskap/Nodhavn/Nordland/Bjoernstigodden.pdf","12.251428569892106","65.311034915949946","332df793-86c8-48a9-b0cc-1ad89cfa32eb","-99","Vedtatt"
"Lødingen","Lødingen","Nordland","2","Ofoten","https://kystinfofiler.kystverket.no/beredskap/Nodhavn/Nordland/Lodingen.pdf","16.012512839463319","68.422310053838061","acee38e3-56cf-4d99-addd-a723b828d705","-99","Vedtatt"
"Framnesodden","Narvik","Nordland","1","Ofoten","https://kystinfofiler.kystverket.no/beredskap/Nodhavn/Nordland/Framnesodden.pdf","17.360558634481194","68.442004936243919","4a48de97-6e7e-43c6-a35a-592d0fb10fbc","-99","Vedtatt"
"Bognes","Hamarøy","Nordland","1","Ofoten","https://kystinfofiler.kystverket.no/beredskap/Nodhavn/Nordland/Bognes.pdf","16.098618439806373","68.226320259318371","5041b937-4a25-442d-9a92-74e37a0d1055","-99","Vedtatt"
"Andfjorden","Andøy","Nordland","1","Lofoten og Vesterålen","https://kystinfofiler.kystverket.no/beredskap/Nodhavn/Nordland/Andfjorden.pdf","15.934320160742594","69.026363865282477","012c3b5e-0b0d-46eb-b8d1-8f0876568e62","-99","Vedtatt"
"Risøyhamn","Andøy","Nordland","3","Lofoten og Vesterålen","https://kystinfofiler.kystverket.no/beredskap/Nodhavn/Nordland/Risoyhamn.pdf","15.612679389563811","68.961962128704343","d6cd2763-165e-4dce-bc2c-4a5b83009e33","-99","Vedtatt"
"Gåsfjorden","Sortland","Nordland","1","Lofoten og Vesterålen","https://kystinfofiler.kystverket.no/beredskap/Nodhavn/Nordland/Gaasfjorden.pdf","15.35190430610932","68.786362604757457","c47493be-d955-4cf3-a819-d02301893b1a","-99","Vedtatt"
"Sortland","Sortland","Nordland","2","Lofoten og Vesterålen","https://kystinfofiler.kystverket.no/beredskap/Nodhavn/Nordland/Sortland.pdf","15.405171764431987","68.662468656192758","dc210eab-c7c7-46a8-8113-58c3d74022ff","-99","Vedtatt"
"Lonkan","Hadsel","Nordland","3","Lofoten og Vesterålen","https://kystinfofiler.kystverket.no/beredskap/Nodhavn/Nordland/Lonkan.pdf","15.275285995150064","68.517308508492192","9130dc63-1bcb-40e2-92e8-799b22eae891","-99","Vedtatt"
"Falkfjorden","Hadsel","Nordland","2","Lofoten og Vesterålen","https://kystinfofiler.kystverket.no/beredskap/Nodhavn/Nordland/Falkfjorden.pdf","14.974531761292541","68.454723337574649","9de3d3e2-ed60-4ef0-a969-5ac939bec7e3","-99","Vedtatt"
"Breivika","Hadsel","Nordland","2","Lofoten og Vesterålen","https://kystinfofiler.kystverket.no/beredskap/Nodhavn/Nordland/Breivika.pdf","14.747692901016967","68.582321426663739","a1747bf4-4a92-4a44-9694-2dd1d23e83a6","-99","Vedtatt"
"Godfjorden","Sortland","Nordland","2","Lofoten og Vesterålen","https://kystinfofiler.kystverket.no/beredskap/Nodhavn/Nordland/Godfjorden.pdf","15.860327986113299","68.766195857403787","a55c8296-799e-416a-9a4e-18d516f84d76","-99","Vedtatt"
"Digermulen","Vågan","Nordland","2","Lofoten og Vesterålen","https://kystinfofiler.kystverket.no/beredskap/Nodhavn/Nordland/Digermulen.pdf","14.973518048051645","68.324497643869037","cd9926b6-1cb0-459d-9d94-82324f832f19","-99","Vedtatt"
"Leknes","Vestvågøy","Nordland","2","Lofoten og Vesterålen","https://kystinfofiler.kystverket.no/beredskap/Nodhavn/Nordland/Leknes.pdf","13.595356847565032","68.113349325658135","3cfbf37f-eb07-44d0-89b1-d6718fd3bd37","-99","Vedtatt"
"Nusfjord","Flakstad","Nordland","1","Lofoten og Vesterålen","https://kystinfofiler.kystverket.no/beredskap/Nodhavn/Nordland/Nusfjord SO.pdf","13.419146392132348","68.02304058153301","de0e1c3d-6825-4bb6-a83e-e424dcadbf4e","-99","Vedtatt"
"Lofotodden","Moskenes","Nordland","1","Lofoten og Vesterålen","https://kystinfofiler.kystverket.no/beredskap/Nodhavn/Nordland/Lofotodden O.pdf","12.921930696356792","67.83884659954947","d8f23e08-93b6-4a77-ae8d-4f91b4eb9b61","-99","Vedtatt"
"Seivågen","Bodø","Nordland","2","Salten","https://kystinfofiler.kystverket.no/beredskap/Nodhavn/Nordland/Seivagen.pdf","14.543539223598351","67.242809551804896","fb44b11e-7dc5-47f5-a7fa-129536749252","-99","Vedtatt"
"Mårnesskagen","Gildeskål","Nordland","2","Salten","https://kystinfofiler.kystverket.no/beredskap/Nodhavn/Nordland/Marnesskagen.pdf","14.102731936652223","67.160172150368922","25b6ded8-a5dd-44c3-8df6-f583cd0d2336","-99","Vedtatt"
"Neverdalsbukta","Meløy","Nordland","2","Salten","https://kystinfofiler.kystverket.no/beredskap/Nodhavn/Nordland/Neverdalsbukta.pdf","13.746302914836141","66.839043248566298","0f1e21fa-3d67-45fc-a8b1-c8ffb96e0fd0","-99","Vedtatt"
"Grønøy V","Meløy","Nordland","2","Salten","https://kystinfofiler.kystverket.no/beredskap/Nodhavn/Nordland/Gronnoy V.pdf","13.385792782247156","66.787670484815294","273d45eb-a14f-4eba-a00b-35f9f0cbe154","-99","Vedtatt"
"Haugsfjorden","Alstahaug","Nordland","2","Helgeland","https://kystinfofiler.kystverket.no/beredskap/Nodhavn/Nordland/Haugsfjorden.pdf","12.405410717846513","65.877188724373227","627685ce-18fd-4df0-b793-746312da6f07","-99","Vedtatt"
"Tilremfjorden","Brønnøy","Nordland","3","Helgeland","https://kystinfofiler.kystverket.no/beredskap/Nodhavn/Nordland/Tilremfjorden.pdf","12.186881535813798","65.495405526121687","6e3f38eb-3a60-43ea-9215-cb1281d9ad06","-99","Vedtatt"
"Grønøy SØ","Meløy","Nordland","2","Salten","https://kystinfofiler.kystverket.no/beredskap/Nodhavn/Nordland/Gronnoy SO.pdf","13.46271750932871","66.78225301001622","ab468e24-b631-47a7-8764-8ba301db6abf","-99","Vedtatt"
"Hokvika","Narvik","Nordland","1","Ofoten","https://kystinfofiler.kystverket.no/beredskap/Nodhavn/Nordland/Hokvika.pdf","17.242383878327463","68.416211644850677","13881e61-94e7-4298-8f90-c481946c63c9","-99","Vedtatt"
"Sundsvågen","Dønna","Nordland","2","Helgeland","https://kystinfofiler.kystverket.no/beredskap/Nodhavn/Nordland/Sundsvagen.pdf","12.761913912055213","66.178709452642522","6c1e85a2-7fde-44ad-83ad-672b884cf76c","-99","Vedtatt"
"Gimlingen Ø","Sømna","Nordland","3","Helgeland","https://kystinfofiler.kystverket.no/beredskap/Nodhavn/Nordland/Gimlingen O.pdf","11.966358499917622","65.207883283735512","e8f1b451-7a92-47c2-8548-d4f52df420bb","-99","Vedtatt"
"Esvågneset","Rødøy","Nordland","1","Salten","https://kystinfofiler.kystverket.no/beredskap/Nodhavn/Nordland/Esvaagneset.pdf","13.084938226420306","66.639396317255631","00b8f4da-7c6d-41b8-bd90-39e5af29b6b0","-99","Vedtatt"
"Selsøyvika","Hamarøy","Nordland","2","Ofoten","https://kystinfofiler.kystverket.no/beredskap/Nodhavn/Nordland/Selsoyvika.pdf","15.521448878210839","68.159169404468187","3a6452e1-1ac4-4691-860b-c24bd355ff65","-99","Vedtatt"
"Sømnesøya","Sømna","Nordland","2","Helgeland","https://kystinfofiler.kystverket.no/beredskap/Nodhavn/Nordland/Somnesoya.pdf","12.110313975627994","65.373358200929985","2f9c99f4-bebd-42af-ac94-1b075777f86f","-99","Vedtatt"
"Sortlandssundet","Hadsel","Nordland","1","Lofoten og Vesterålen","https://kystinfofiler.kystverket.no/beredskap/Nodhavn/Nordland/Sortlandssundet S.pdf","15.114796375015052","68.568698366094381","2c5c3e39-cc80-4b3a-94ff-a0075297478a","-99","Vedtatt"
"Kongselv","Hadsel","Nordland","2","Lofoten og Vesterålen","https://kystinfofiler.kystverket.no/beredskap/Nodhavn/Nordland/Kongselv.pdf","15.176419670611288","68.441609330599221","785d7b61-fb36-4258-acbf-025a2bb68458","-99","Vedtatt"
"Smines","Øksnes","Nordland","2","Lofoten og Vesterålen","https://kystinfofiler.kystverket.no/beredskap/Nodhavn/Nordland/Smines.pdf","15.008160731343247","68.864334299865689","ba892134-5cce-4248-a164-dc231f5ae1d0","-99","Vedtatt"
"Valsneset / Valsfjorden","Ørland","Trøndelag","2","Sør-Trøndelag","https://kystinfofiler.kystverket.no/beredskap/Nodhavn/MoreOgRomsdal/3162701_Valsneset_Valsfjorden.pdf","9.638333332988982","63.816666666540563","f47e7885-2777-4700-976e-954022f8c354","3162701","Vedtatt"
"Bøvika","Steigen","Nordland","1","Salten","https://kystinfofiler.kystverket.no/beredskap/Nodhavn/Nordland/Bovika.pdf","15.038668397256636","67.977407080498452","a21d05be-09a6-4317-8d66-7c92fbd4cf4e","-99","Vedtatt"
"Vikertangen","Hvaler","Østfold","2","Østfold","https://kystinfofiler.kystverket.no/beredskap/Nodhavn/Sorost/Vikertangen.pdf","10.956084364978841","59.032667412625742","2580fc37-2af9-43d0-923a-31f9616a026c","1011101","Vedtatt"
"Ormesanden","Oslo","Oslo","2","Indre Oslofjord","https://kystinfofiler.kystverket.no/beredskap/Nodhavn/Sorost/Ormoeysanden.pdf","10.748472617650123","59.879341171916963","000ce46a-894d-424e-8236-455fac0ca994","1030101","Vedtatt"
"Herandsvågen","Ullensvang","Vestland","2","Haugesund","https://kystinfofiler.kystverket.no/beredskap/Nodhavn/Vest/Placeofrefuge176.pdf","6.362101663999972","60.343076307415231","e7809835-f38e-4b49-9d2f-d6b315abc7c3","176","Vedtatt"
"Ågotnes","Øygarden","Vestland","1","Bergen","https://kystinfofiler.kystverket.no/beredskap/Nodhavn/Vest/Placeofrefuge186.pdf","5.00663858855255","60.414780755155462","e32c68fb-d1bc-42bc-ad2f-a371530e5487","186","Vedtatt"
"Vettås","Alver","Vestland","2","Bergen","https://kystinfofiler.kystverket.no/beredskap/Nodhavn/Vest/Placeofrefuge189.pdf","5.180776720723906","60.587253060385734","7d0f6764-ea5d-454a-a67a-03d62eb1918e","189","Vedtatt"
"Nessefjorden","Solund","Vestland","2","Bergen","https://kystinfofiler.kystverket.no/beredskap/Nodhavn/Vest/Placeofrefuge196.pdf","4.902257880497446","61.091053050487169","3856bc96-ee29-47ad-960e-14c2a5500f67","196","Vedtatt"
"Åfjorden","Hyllestad","Vestland","1","Bergen","https://kystinfofiler.kystverket.no/beredskap/Nodhavn/Vest/Placeofrefuge207.pdf","5.258374300131244","61.177177735524971","0fa5020e-a02b-45fb-89ab-1711f0bab5fe","207","Vedtatt"
"Hårvika","Tjeldsund","Troms","2","Ofoten","https://kystinfofiler.kystverket.no/beredskap/Nodhavn/Nordland/Harvika.pdf","16.421792587095489","68.560070433926739","a671620e-6b2c-4416-971b-8eaa90401779","-99","Vedtatt"
"Gallonjargrunnen","Hamarøy","Nordland","3","Ofoten","https://kystinfofiler.kystverket.no/beredskap/Nodhavn/Nordland/Gallonjargrunnen.pdf","16.33041255796881","68.04806718214482","08a13c42-1c38-4127-9e3c-e008e04ca8b4","-99","Vedtatt"
"Tømmervika","Hamarøy","Nordland","3","Ofoten","https://kystinfofiler.kystverket.no/beredskap/Nodhavn/Nordland/Tommervika.pdf","16.268256827804581","67.98813265601548","ce3cfb38-5d53-40b7-8de7-38b97ad3fc15","-99","Vedtatt"
"Hellemobotn","Hamarøy","Nordland","3","Ofoten","https://kystinfofiler.kystverket.no/beredskap/Nodhavn/Nordland/Hellemobotn.pdf","16.491943808339325","67.817910474898127","29bf3753-46b4-4c2b-bec8-07c3df5c8157","-99","Vedtatt"
"Storvika","Narvik","Nordland","2","Ofoten","https://kystinfofiler.kystverket.no/beredskap/Nodhavn/Nordland/Storvika_Ballangen.pdf","16.271003902795737","68.351522789311275","17161b45-b3bb-4b2d-b542-b1c812a1df6c","-99","Vedtatt"
"Breivika","Tjeldsund","Troms","2","Ofoten","https://kystinfofiler.kystverket.no/beredskap/Nodhavn/Nordland/Breivika_Ramsundet.pdf","16.4781695954869","68.457201284558437","58517ef1-2a9c-4071-a866-5cbdeba3a5ea","-99","Vedtatt"
"Sandøysund","Færder","Vestfold","3","Vestfold","https://kystinfofiler.kystverket.no/beredskap/Nodhavn/Sorost/Sandoeysund.pdf","10.461196347034084","59.088994328379961","f2c55e2d-abc5-4437-8b80-30690b54007d","1072302","Vedtatt"
"Mågerøyflaket","Færder","Vestfold","2","Vestfold","https://kystinfofiler.kystverket.no/beredskap/Nodhavn/Sorost/Maageroeyflaket.pdf","10.453943746032257","59.152650567290266","eb167312-d24b-44f2-ba32-f79c1752a1f5","1072303","Vedtatt"
"Husøyflaket","Færder","Vestfold","2","Vestfold","https://kystinfofiler.kystverket.no/beredskap/Nodhavn/Sorost/Husoeyflaket.pdf","10.48403866476046","59.237523404997042","f29648e2-3405-47e4-b6ef-833cc752d85d","1072201","Vedtatt"
"Fossingfjorden/Bakerovnbukta","Bamble","Telemark","3","Telemark","https://kystinfofiler.kystverket.no/beredskap/Nodhavn/Sorost/Fossingfjorden - Bakerovnbukta.pdf","9.530316470184488","58.929539016034305","9a9503a5-e6db-41f2-9a53-b5db3daea293","1081402","Vedtatt"
"Helgerofjorden","Larvik","Vestfold","2","Vestfold","https://kystinfofiler.kystverket.no/beredskap/Nodhavn/Sorost/Helgerofjorden.pdf","9.82993517685661","58.985344216027592","746ca5a5-4820-4c47-b9e4-44504f6fa7fe","1070903","Vedtatt"
"Mørjefjorden/Svartebukt","Larvik","Vestfold","2","Vestfold","https://kystinfofiler.kystverket.no/beredskap/Nodhavn/Sorost/Moerjefjorden - Svartebukt.pdf","9.841046405011443","59.017749501275787","5029274a-c6d5-4768-8ad2-4412acd0f9d2","1070904","Vedtatt"
"Frierflaket","Porsgrunn","Telemark","2","Telemark","https://kystinfofiler.kystverket.no/beredskap/Nodhavn/Sorost/Frierflaket.pdf","9.623961059828041","59.109133450760787","f82ab305-2a3f-4735-b181-e623d923d6c5","1080503","Vedtatt"
"Herreflaket","Skien","Telemark","2","Telemark","https://kystinfofiler.kystverket.no/beredskap/Nodhavn/Sorost/Herreflaket.pdf","9.574178219007019","59.112122859720401","f58e86a6-19f7-473b-9f6d-3eed5984a235","1081401","Vedtatt"
"Kjørbukta","Moss","Østfold","2","Østfold","https://kystinfofiler.kystverket.no/beredskap/Nodhavn/Sorost/Kjoerbukta.pdf","10.665244753941529","59.473795242719348","d055cf3d-bac2-411a-8fc2-064164782c50","1010401","Vedtatt"
"Tresviken","Hvaler","Østfold","2","Østfold","https://kystinfofiler.kystverket.no/beredskap/Nodhavn/Sorost/Tresviken.pdf","11.106552253422446","59.036636371147829","013aa2f7-14ac-4d18-8699-b79c5dcbf3f4","1011101","Vedtatt"
"Lysøysund","Ørland","Trøndelag","2","Sør-Trøndelag","https://kystinfofiler.kystverket.no/beredskap/Nodhavn/MoreOgRomsdal/3162702_Lysooysund.pdf","9.871659280198347","63.888294355658104","45be27c8-dff5-4392-9c26-1b16587916c7","3162702","Vedtatt"
"Revet","Larvik","Vestfold","1","Vestfold","https://kystinfofiler.kystverket.no/beredskap/Nodhavn/Sorost/Revet.pdf","10.041166755367877","59.039247654329017","3376c0e7-7633-4250-b9be-dd7f37718d22","1070906","Vedtatt"
"Framnes","Sandefjord","Vestfold","2","Vestfold","https://kystinfofiler.kystverket.no/beredskap/Nodhavn/Sorost/Framnes.pdf","10.227053927154795","59.116588143805565","07723687-11f7-4832-9b9d-17542b77bc34","1070601","Vedtatt"
"Horten indre havn","Horten","Vestfold","2","Vestfold","https://kystinfofiler.kystverket.no/beredskap/Nodhavn/Sorost/Horten indre havn.pdf","10.480584133381882","59.427628945734106","615496fb-4df0-49e4-93d5-69401feb7e83","1070103","Vedtatt"
"Engevik","Halden","Østfold","3","Østfold","https://kystinfofiler.kystverket.no/beredskap/Nodhavn/Sorost/Engevik.pdf","11.38454429598991","59.096061550861215","b1b4df5a-89eb-4a05-9036-f19c26067d7a","1010101","Vedtatt"
"Skjørsviken","Kragerø","Telemark","3","Telemark","https://kystinfofiler.kystverket.no/beredskap/Nodhavn/Sorost/Skjoersvika.pdf","9.451860964606768","58.843832423697989","ec5a2367-3200-4069-95f6-d895e98302bd","1081501","Vedtatt"
"Slagentangen","Tønsberg","Vestfold","1","Vestfold","https://kystinfofiler.kystverket.no/beredskap/Nodhavn/Sorost/Slagentangen.pdf","10.514135266493167","59.327252446742996","b76fd848-28d7-432f-bf4c-cc8fcb5f4360","1070403","Vedtatt"
"Mulvika","Holmestrand","Vestfold","1","Vestfold","https://kystinfofiler.kystverket.no/beredskap/Nodhavn/Sorost/Mulvika.pdf","10.339320483106018","59.475263789192255","e493215c-9020-42da-9205-4a805e6f7cb3","1070201","Vedtatt"
"Levalbukta øst for Bjørkøya","Porsgrunn","Telemark","2","Telemark","https://kystinfofiler.kystverket.no/beredskap/Nodhavn/Sorost/Levalbukta.pdf","9.758330566517865","59.035133198566832","d0d0f1a1-5ed2-40c8-b023-99777149a12a","1080502","Vedtatt"
"Eidangerfjorden/Brevikterminalen","Porsgrunn","Telemark","2","Telemark","https://kystinfofiler.kystverket.no/beredskap/Nodhavn/Sorost/Eidangerfjorden - Brevikterminalen.pdf","9.7000867578961","59.065339048116471","0bc780f3-34f9-4cd3-8d94-e1a8e9d3f3b8","1080501","Vedtatt"
"Verlebukta/Moss havn","Moss","Østfold","2","Østfold","https://kystinfofiler.kystverket.no/beredskap/Nodhavn/Sorost/Verlebukta - Moss havn.pdf","10.656954354560179","59.427376236814432","9d7c29c2-d758-485f-809c-c3068586aecd","1010402","Vedtatt"
"Egersandbukta","Lier","Buskerud","2",,"https://kystinfofiler.kystverket.no/beredskap/Nodhavn/Sorost/Engersandbukta.pdf","10.296340046895976","59.73370734163862","aea286d3-ab0d-489b-b1f1-02788d80be2b","1062601","Vedtatt"
"Syd av ildjernsflua","Nesodden","Akershus","2","Indre Oslofjord","https://kystinfofiler.kystverket.no/beredskap/Nodhavn/Sorost/Soer av Ildjernsflu.pdf","10.631494506631441","59.85287540279058","b26e4c99-5588-49a7-a684-7ecb2ec6e291","1021601","Vedtatt"
"Larkollen NATO-kai","Moss","Østfold","2","Østfold","https://kystinfofiler.kystverket.no/beredskap/Nodhavn/Sorost/Larkollen NATO-kai.pdf","10.65814495827296","59.337038869225751","a7242a1c-209d-4059-ab8b-9609148d7044","1013601","Vedtatt"
"Vest av Rauerkalven","Fredrikstad","Østfold","2","Østfold","https://kystinfofiler.kystverket.no/beredskap/Nodhavn/Sorost/Vest av Rauerkalven.pdf","10.693782962310287","59.25068961912978","310ccc64-c037-47c2-b7ee-61c8897ae976","1010601","Vedtatt"
"Kobbvågen","Sør-Varanger","Finnmark","2","Øst-Finnmark","https://kystinfofiler.kystverket.no/beredskap/Nodhavn/Finnmark/Kobbvaagenx.pdf","29.964999873384066","69.87166667064615","7cc487b6-31e3-4336-8db6-dcf23289af13","7","Vedtatt"
"Øra","Fredrikstad","Østfold","2","Østfold","https://kystinfofiler.kystverket.no/beredskap/Nodhavn/Sorost/Oera.pdf","10.953796053928457","59.182706725726064","d2918ecf-ad4a-474d-b75a-2fe73672a718","1010605","Vedtatt"
"Ramsøyflaket","Fredrikstad","Østfold","2","Østfold","https://kystinfofiler.kystverket.no/beredskap/Nodhavn/Sorost/Ramsoeyflaket.pdf","11.053503966770917","59.117013500997253","db447489-f902-4bea-b2a0-80a9983f13b9","1010606","Vedtatt"
"Halden Havn / Sauøya","Halden","Østfold","3","Østfold","https://kystinfofiler.kystverket.no/beredskap/Nodhavn/Sorost/Halden havn - Sauoeya.pdf","11.37467858741771","59.115881432363992","3d2b5da0-f508-40e6-b88e-351c5407604e","1010104","Vedtatt"
"Melsomvik","Sandefjord","Vestfold","2","Vestfold","https://kystinfofiler.kystverket.no/beredskap/Nodhavn/Sorost/Melsomvik.pdf","10.348067027725149","59.210911671576852","fb7e1b8f-6cb2-46b1-9e71-c7f89f4d56a7","1072001","Vedtatt"
"Vest av Håøya","Sandefjord","Vestfold","2","Vestfold","https://kystinfofiler.kystverket.no/beredskap/Nodhavn/Sorost/Vest av Haaoeya (Bogen).pdf","10.339601848763804","59.182985701335603","e0e40fd3-4dfa-4710-a9d8-7035ff0cc65c","1072002","Vedtatt"
"Kjøbmannsskjær/Vrengensundet","Færder","Vestfold","3","Vestfold","https://kystinfofiler.kystverket.no/beredskap/Nodhavn/Sorost/Kjoebmannsskjaer - Vrengensundet.pdf","10.388726736382699","59.174029181883391","86698fa3-aeb9-4f19-8dc9-5e666164cb49","1072202","Vedtatt"
"Gismerøya","Lindesnes","Agder","2","Vest-Agder","https://kystinfofiler.kystverket.no/beredskap/Nodhavn/Sorost/Gismeroeya.pdf","7.482170597068658","58.017668170507925","285a5834-d65c-496f-9191-8ff29da4c4e0","1100201","Vedtatt"
"Valløbukta","Tønsberg","Vestfold","3","Vestfold","https://kystinfofiler.kystverket.no/beredskap/Nodhavn/Sorost/Valloebukta.pdf","10.487500000980848","59.25666670001435","35a6e8fb-34e7-4c4b-ba32-1fc8c66e2e80","1070401","Vedtatt"
"Norskbukt","Sør-Varanger","Finnmark","2","Øst-Finnmark","https://kystinfofiler.kystverket.no/beredskap/Nodhavn/Finnmark/Norskbuktx.pdf","29.444999903519275","69.898333336304148","8791ec11-646c-402a-80ea-e0af2714e178","8","Vedtatt"
"Fedabukten","Kvinesdal","Agder","1","Vest-Agder","https://kystinfofiler.kystverket.no/beredskap/Nodhavn/Sorost/Fedabukten.pdf","6.824994826757735","58.255831564412375","879d04e8-93ca-46d7-bf12-382642a9034e","1103703","Vedtatt"
"Hvitstenbukta","Vestby","Akershus","2","Indre Oslofjord","https://kystinfofiler.kystverket.no/beredskap/Nodhavn/Sorost/Hvitstenbukta.pdf","10.650984193969613","59.595904576536036","371d4f35-5195-4599-9b33-95bb534bf3ec","1021101","Vedtatt"
"Nord av nordre Vassøy lykt","Kristiansand","Agder","1","Midt-Agder","https://kystinfofiler.kystverket.no/beredskap/Nodhavn/Sorost/Nord av Nordre Vassoey lykt.pdf","7.699983871784223","58.035504058099292","f7c3f953-038c-4efe-8de9-09293e35bbc0","1101801","Vedtatt"
"Grisebukta ved Fagerstrand","Frogn","Akershus","2","Indre Oslofjord","https://kystinfofiler.kystverket.no/beredskap/Nodhavn/Sorost/Grisebukta.pdf","10.588809412102222","59.729321173667586","93488e72-c919-420f-924a-89472226cdbd","1021501","Vedtatt"
"Innerhamna","Sør-Varanger","Finnmark","2","Øst-Finnmark","https://kystinfofiler.kystverket.no/beredskap/Nodhavn/Finnmark/Innerhamnax.pdf","30.244999853357704","69.840000004668241","43965512-f9bc-4fc7-b693-68767c5c7be7","4","Vedtatt"
"Skipstadsand/Kjerringholmen","Hvaler","Østfold","2","Østfold","https://kystinfofiler.kystverket.no/beredskap/Nodhavn/Sorost/Skipstadsand - Kjerringholmen.pdf","10.973667807608496","59.066168100388182","c42e492e-71a3-4b95-bfba-1e86289506ea","1011105","Vedtatt"
"Ringdalsfjorden","Halden","Østfold","3","Østfold","https://kystinfofiler.kystverket.no/beredskap/Nodhavn/Sorost/Ringdalsfjorden.pdf","11.312833333339308","59.111333333330279","9aec062f-e296-4c63-8805-b784225dbdf1","1010103","Vedtatt"
"Duken","Hvaler","Østfold","3","Østfold","https://kystinfofiler.kystverket.no/beredskap/Nodhavn/Sorost/Duken.pdf","10.984166666689593","59.020333333334079","d5137938-dc53-402f-950b-7cc75ba9e470","1011103","Vedtatt"
"Frebergsvik","Holmestrand","Vestfold","1","Vestfold","https://kystinfofiler.kystverket.no/beredskap/Nodhavn/Sorost/Frebergsvik.pdf","10.381491634858202","59.451082060202005","1f84fa84-d666-43a5-9f2b-cb71c4836f24","1071601","Vedtatt"
"Sydvest av Nakkholmen","Oslo","Oslo","2","Indre Oslofjord","https://kystinfofiler.kystverket.no/beredskap/Nodhavn/Sorost/Sydvest av Nakkholmen.pdf","10.682666666689945","59.879833333331192","3db0d20a-b01b-437c-965d-a04e5f8ec2a6","1030102","Vedtatt"
"Lera nord","Fredrikstad","Østfold","3","Østfold","https://kystinfofiler.kystverket.no/beredskap/Nodhavn/Sorost/Lera nord.pdf","10.865000000024608","59.152833333331088","88cf938c-481c-46ca-80a0-1789e8bb5bd1","1010603","Vedtatt"
"Lera syd","Fredrikstad","Østfold","3","Østfold","https://kystinfofiler.kystverket.no/beredskap/Nodhavn/Sorost/Lera syd.pdf","10.852166666680038","59.143666666664444","23b00e1c-abc8-4fb0-9748-faa9da75ee03","1010604","Vedtatt"
"Abelnes","Flekkefjord","Agder","2","Vest-Agder","https://kystinfofiler.kystverket.no/beredskap/Nodhavn/Sorost/Abelnes.pdf","6.657000003674723","58.239166666945678","3b69a987-febd-4407-a65a-ed58ef171ad2","1100407","Vedtatt"
"Solbergsbukta","Drammen","Buskerud","1",,"https://kystinfofiler.kystverket.no/beredskap/Nodhavn/Sorost/Solbergbukta.pdf","10.412574741599764","59.579641559715036","e3fb4f8e-e3f4-4fc1-988d-9c5cad06b7cf","1071101","Vedtatt"
"Harstad havn","Harstad","Troms","2","Sør-Troms","https://kystinfofiler.kystverket.no/beredskap/Nodhavn/Troms/Harstad_Havnx.pdf","16.558333333340823","68.808333333335355","4ce59b84-f969-46cb-9b5a-58ac653898ed","28","Vedtatt"
"Alvestadholman","Harstad","Troms","2","Sør-Troms","https://kystinfofiler.kystverket.no/beredskap/Nodhavn/Troms/Alvestadholmanx.pdf","16.2733333333397","68.951666666669851","57188d8c-95ff-462c-bf23-d43794ade394","30","Vedtatt"
"Vestertana","Tana","Finnmark","2","Øst-Finnmark","https://kystinfofiler.kystverket.no/beredskap/Nodhavn/Finnmark/Vestertanax.pdf","27.972525743122343","70.516803218037211","586ec0bc-2bdd-4d53-8499-24b965a0b8ba","0","Vedtatt"
"Risavika","Sola","Rogaland","1","Sør-Rogaland","https://kystinfofiler.kystverket.no/beredskap/Nodhavn/Vest/Placeofrefuge111.pdf","5.580070250963129","58.925385638364482","2d385d41-8bcb-442d-988e-556f65d6c266","111","Vedtatt"
"Eigersund havn","Eigersund","Rogaland","2","Sør-Rogaland","https://kystinfofiler.kystverket.no/beredskap/Nodhavn/Vest/Placeofrefuge112.pdf","5.98288931157358","58.437857705348456","1aa0a364-89b6-4d29-8b34-0adbf052e607","112","Vedtatt"
"Askrova","Kinn","Vestland","2","Sogn og Sunnfjord","https://kystinfofiler.kystverket.no/beredskap/Nodhavn/Vest/Placeofrefuge106.pdf","4.977983147578358","61.519989239998658","686c455e-fe5e-4116-97a1-df2c2002decf","106","Vedtatt"
"Mongstad","Alver","Vestland","1","Bergen","https://kystinfofiler.kystverket.no/beredskap/Nodhavn/Vest/Placeofrefuge107.pdf","5.050678966861695","60.812839480269226","ccd3f4b1-b0b2-4bac-a38a-972463ce3334","107","Vedtatt"
"Jøssingfjord","Sokndal","Rogaland","2","Sør-Rogaland","https://kystinfofiler.kystverket.no/beredskap/Nodhavn/Vest/Placeofrefuge151.pdf","6.343396789266661","58.320155248554087","cd382831-5baa-4a8c-83d6-5fc4f67aa12f","151","Vedtatt"
"Mekjarvik","Randaberg","Rogaland","1","Sør-Rogaland","https://kystinfofiler.kystverket.no/beredskap/Nodhavn/Vest/Placeofrefuge154.pdf","5.617154374355699","59.024602446914429","756e75b3-a4e5-4c60-ad27-01d677980922","154","Vedtatt"
"Nesnaflaket","Nesna","Nordland","2","Rana","https://kystinfofiler.kystverket.no/beredskap/Nodhavn/Nordland/Nesnaflaket.pdf","13.061227778608284","66.229027245209409","83e2f418-3916-461a-ada9-d92f1921caf7","-99","Vedtatt"
"Husøy","Karmøy","Rogaland","2","Haugesund","https://kystinfofiler.kystverket.no/beredskap/Nodhavn/Vest/Placeofrefuge165.pdf","5.311268021798272","59.329052389118289","7ac3f6bc-ee7a-4121-87ec-b973bf712e0e","165","Vedtatt"
"Berakvam","Suldal","Rogaland","2","Haugesund","https://kystinfofiler.kystverket.no/beredskap/Nodhavn/Vest/Placeofrefuge159.pdf","6.020728165103406","59.370515058839722","f04905c9-9af7-4032-b883-f13bb927f6dc","159","Vedtatt"
"Håvik","Karmøy","Rogaland","1","Haugesund","https://kystinfofiler.kystverket.no/beredskap/Nodhavn/Vest/Placeofrefuge164.pdf","5.325020178033868","59.314103000423664","7161ab0e-18fb-417f-9e82-f528c851e6bf","164","Vedtatt"
"Sila","Lurøy","Nordland","2","Rana","https://kystinfofiler.kystverket.no/beredskap/Nodhavn/Nordland/Sila.pdf","13.131089274690407","66.320310426589046","d9b9bcdd-6f66-409f-b3bc-7b78e1461cfc","-99","Vedtatt"
"Langevåg","Bømlo","Vestland","2","Haugesund","https://kystinfofiler.kystverket.no/beredskap/Nodhavn/Vest/Placeofrefuge168.pdf","5.243954954987648","59.613063312585162","3073c3ad-968e-4b1b-8280-38fc7ca48eb3","168","Vedtatt"
"Kvarøya","Lurøy","Nordland","3","Rana","https://kystinfofiler.kystverket.no/beredskap/Nodhavn/Nordland/Kvaroya SO.pdf","12.962077445204994","66.473034345321466","67f96540-ba5a-4d19-b057-19ca76baa44c","-99","Vedtatt"
"Aldersund","Lurøy","Nordland","2","Rana","https://kystinfofiler.kystverket.no/beredskap/Nodhavn/Nordland/Aldersundet.pdf","13.064404311072714","66.38204388864699","e22a9379-7cc8-42f8-b354-6268ea79eab5","-99","Vedtatt"
"Langvedøya","Lurøy","Nordland","2","Rana","https://kystinfofiler.kystverket.no/beredskap/Nodhavn/Nordland/Langvedoya.pdf","13.014237923903634","66.476587850954573","437d5cda-e127-4a7f-9683-1341ede4325e","-99","Vedtatt"
"Trænfjorden","Træna","Nordland","1","Rana","https://kystinfofiler.kystverket.no/beredskap/Nodhavn/Nordland/Traenfjorden.pdf","12.223678095385981","66.505001488602659","4c3da828-8132-4496-bbed-e4b00c91bd1b","-99","Vedtatt"
"Drammen Havn / Holmen","Drammen","Buskerud","2",,"https://kystinfofiler.kystverket.no/beredskap/Nodhavn/Sorost/Drammen havn-Holmen-Risgarden.pdf","10.234942127202421","59.733561738690106","de260c7d-055a-40f7-9794-ab068381a6b0","1060202","Vedtatt"
"Vealøsgrunnen","Asker","Akershus","1",,"https://kystinfofiler.kystverket.no/beredskap/Nodhavn/Sorost/Vealoesgrunnen.pdf","10.55189207522591","59.527179179907939","b1d50053-0ef2-45a3-9d3c-895442e23e97","1062801","Vedtatt"
"Syd av Storskjær","Asker","Akershus","1",,"https://kystinfofiler.kystverket.no/beredskap/Nodhavn/Sorost/Syd av Storskjaer (Nordre Storsand).pdf","10.607175914300809","59.654388210415348","066cb457-8015-4c0e-ad42-50ed8ecce1e7","1062802","Vedtatt"
"Engene","Asker","Akershus","3",,"https://kystinfofiler.kystverket.no/beredskap/Nodhavn/Sorost/Engene.pdf","10.542075911619516","59.687452453657464","1097fb71-ee83-4459-b463-43e0c2f015fe","1062701","Vedtatt"
"Haugsøytangen","Masfjorden","Vestland","2","Bergen","https://kystinfofiler.kystverket.no/beredskap/Nodhavn/Vest/Placeofrefuge191.pdf","5.157376153564532","60.80779455855707","c76d65f4-e02c-4592-8ff7-f6d8d1e2aab2","191","Vedtatt"
"Sløvågen","Gulen","Vestland","1","Bergen","https://kystinfofiler.kystverket.no/beredskap/Nodhavn/Vest/Placeofrefuge192.pdf","5.065352411095912","60.851146240134391","c282d7a0-61b4-497a-90bd-03a06b8262a9","192","Vedtatt"
"Nappsvågen","Gulen","Vestland","2","Bergen","https://kystinfofiler.kystverket.no/beredskap/Nodhavn/Vest/Placeofrefuge195.pdf","4.950898982741705","60.896197869665265","6e427a2f-b980-49e3-8501-f9ed8c09f2a4","195","Vedtatt"
"Slemmestadgrunnen","Asker","Akershus","2",,"https://kystinfofiler.kystverket.no/beredskap/Nodhavn/Sorost/Slemmestadgrunnen.pdf","10.526257667014395","59.786020574237824","d0d9938c-214e-4703-b9eb-20acd464041b","1062702","Vedtatt"
"Støaflaket","Asker","Akershus","1",,"https://kystinfofiler.kystverket.no/beredskap/Nodhavn/Sorost/Stoeaflaket.pdf","10.412668379686286","59.548168121619987","d28f2849-aca5-448b-b37a-ef8f105e5af9","1062803","Vedtatt"
"Halvorshavn Tankanlegg","Asker","Akershus","2",,"https://kystinfofiler.kystverket.no/beredskap/Nodhavn/Sorost/Halvorshavn Tankanlegg.pdf","10.618229684971752","59.583439354747028","c8f4b71b-a6e2-479b-abdb-c328f14e23bb","1062804","Vedtatt"
"Sirevåg","Hå","Rogaland","2","Sør-Rogaland","https://kystinfofiler.kystverket.no/beredskap/Nodhavn/Vest/Placeofrefuge152.pdf","5.788343805849348","58.505152521329123","d58a6565-47cb-4b15-a1d0-59bb45082afb","152","Vedtatt"
"Leirbukt","Sør-Varanger","Finnmark","2","Øst-Finnmark","https://kystinfofiler.kystverket.no/beredskap/Nodhavn/Finnmark/Leirbuktx.pdf","29.374999906362337","69.868333336227494","2ead34a5-aee0-48f7-8ebc-326957453f42","9","Vedtatt"
"Haugesund havn","Haugesund","Rogaland","2","Haugesund","https://kystinfofiler.kystverket.no/beredskap/Nodhavn/Vest/Placeofrefuge167.pdf","5.25733483720775","59.410188682517109","63e085ba-2460-4941-8958-9f7a1e0cbbb8","167","Vedtatt"
"Ølen","Vindafjord","Rogaland","1","Haugesund","https://kystinfofiler.kystverket.no/beredskap/Nodhavn/Vest/Placeofrefuge171.pdf","5.770329127553513","59.605263805965343","45c5537a-7ada-4abb-bf7a-9a58af67d253","171","Vedtatt"
"Hervikfjorden","Tysvær","Rogaland","1","Haugesund","https://kystinfofiler.kystverket.no/beredskap/Nodhavn/Vest/Placeofrefuge160.pdf","5.587735903710693","59.291773091649837","c55b2ee8-7f6f-459f-9c98-4cd0dd5be672","160","Vedtatt"
"Gandsfjorden","Sandnes","Rogaland","2","Sør-Rogaland","https://kystinfofiler.kystverket.no/beredskap/Nodhavn/Vest/Placeofrefuge156.pdf","5.747317003547713","58.870959342283562","d0ad97c4-bb04-47cc-ae27-28295a3173c1","156","Vedtatt"
"Breiviga","Strand","Rogaland","2","Sør-Rogaland","https://kystinfofiler.kystverket.no/beredskap/Nodhavn/Vest/Placeofrefuge158.pdf","5.904806712525489","59.089575190955493","aa02b0bf-2098-4c03-abb7-420a1086eea6","158","Vedtatt"
"Bøvågen","Karmøy","Rogaland","2","Haugesund","https://kystinfofiler.kystverket.no/beredskap/Nodhavn/Vest/Placeofrefuge166.pdf","5.286834431051465","59.361183570266029","735defba-144d-4dae-b6a1-c3257a4811d1","166","Vedtatt"
"Byggnes","Karmøy","Rogaland","2","Haugesund","https://kystinfofiler.kystverket.no/beredskap/Nodhavn/Vest/Placeofrefuge163.pdf","5.318263083575725","59.301252204257231","5dd70381-d201-4726-97d8-73362e84c9d8","163","Vedtatt"
"Strandvikflaket","Bjørnafjorden","Vestland","1","Bergen","https://kystinfofiler.kystverket.no/beredskap/Nodhavn/Vest/Placeofrefuge183.pdf","5.654982196038038","60.134115681698681","08999980-a313-485c-a610-3345bd5521f1","183","Vedtatt"
"Holmbukt","Sør-Varanger","Finnmark","2","Øst-Finnmark","https://kystinfofiler.kystverket.no/beredskap/Nodhavn/Finnmark/Holmbuktx.pdf","30.021666534976383","69.821666670845531","e039d78c-098e-41b9-93a3-5f1f04359f98","5","Vedtatt"
"Karlebotn","Nesseby","Finnmark","2","Øst-Finnmark","https://kystinfofiler.kystverket.no/beredskap/Nodhavn/Finnmark/Karlebotnx.pdf","28.621666607263514","70.116666668383687","42dad5bc-18b8-4e47-b542-c82fff20e0c6","10","Vedtatt"
"Veidnesbotn","Nesseby","Finnmark","2","Øst-Finnmark","https://kystinfofiler.kystverket.no/beredskap/Nodhavn/Finnmark/Veidnesbotnx.pdf","28.739999936312934","70.091666668529498","63d88833-d2b6-457a-97d8-48f279ba505a","11","Vedtatt"
"Svartnes","Vardø","Finnmark","2","Øst-Finnmark","https://kystinfofiler.kystverket.no/beredskap/Nodhavn/Finnmark/Svartnesx.pdf","31.044999809097824","70.36666667216268","a09b236e-fc32-4c5b-b1ce-015596f0b881","13","Vedtatt"
"Nordfjord","Båtsfjord","Finnmark","2","Øst-Finnmark","https://kystinfofiler.kystverket.no/beredskap/Nodhavn/Finnmark/Nordfjordx.pdf","30.148333214373856","70.540000003258257","8ef65267-af27-47dd-98d0-a22621fd57fb","14","Vedtatt"
"Båtsfjord","Båtsfjord","Finnmark","2","Øst-Finnmark","https://kystinfofiler.kystverket.no/beredskap/Nodhavn/Finnmark/Baatsfjordx.pdf","29.77333323703623","70.643333335897495","e8887bb7-a020-4b75-ba18-18fbeec9b04d","15","Vedtatt"
"Kongsfjord","Berlevåg","Finnmark","2","Øst-Finnmark","https://kystinfofiler.kystverket.no/beredskap/Nodhavn/Finnmark/Kongsfjordx.pdf","29.381666589118101","70.715000002025235","6828138c-f45a-4f76-bbac-6914ca44001f","16","Vedtatt"
"Tyfjord","Gamvik","Finnmark","2","Midt-Finnmark","https://kystinfofiler.kystverket.no/beredskap/Nodhavn/Finnmark/Tyfjordx.pdf","28.459999954192142","70.880000001139834","bef503d2-e952-4ee4-937d-27e6650815ba","17","Vedtatt"
"Rafjord","Gamvik","Finnmark","2","Midt-Finnmark","https://kystinfofiler.kystverket.no/beredskap/Nodhavn/Finnmark/Rafjordx.pdf","28.316666623706848","70.818333334417943","de8700f0-155b-4306-8a70-d1d553d654be","18","Vedtatt"
"Hopsfjord","Gamvik","Finnmark","1","Midt-Finnmark","https://kystinfofiler.kystverket.no/beredskap/Nodhavn/Finnmark/Hopsfjordx.pdf","28.186666626198566","70.766666667691183","4615d4a6-5727-43c6-b751-1636fbef3035","19","Vedtatt"
"Lille Skogfjord","Gamvik","Finnmark","2","Midt-Finnmark","https://kystinfofiler.kystverket.no/beredskap/Nodhavn/Finnmark/Lille_Skogfjordx.pdf","28.034999962773291","70.760000000945183","9d246a75-e990-470b-ab00-1a402210558d","20","Vedtatt"
"Store Skogfjord","Gamvik","Finnmark","2","Midt-Finnmark","https://kystinfofiler.kystverket.no/beredskap/Nodhavn/Finnmark/Store_Skogfjordx.pdf","27.848333300001741","70.780000000840559","36465480-7183-4db8-8362-2307d117001b","21","Vedtatt"
"Smalfjord","Tana","Finnmark","2","Øst-Finnmark","https://kystinfofiler.kystverket.no/beredskap/Nodhavn/Finnmark/Smalfjordx.pdf","28.084999959086293","70.463333334430317","af728282-8b7e-4bf1-bcea-83c549313f5c","23","Vedtatt"
"Steinfjord","Gamvik","Finnmark","2","Midt-Finnmark","https://kystinfofiler.kystverket.no/beredskap/Nodhavn/Finnmark/Steinfjordx.pdf","27.814999969249875","71.04833333406151","6cb7eef0-18cc-493f-b312-198b26253bef","25","Vedtatt"
"Oksefjord","Lebesby","Finnmark","1","Midt-Finnmark","https://kystinfofiler.kystverket.no/beredskap/Nodhavn/Finnmark/Oksefjordx.pdf","27.538333306844169","71.00500000063299","9e1633dd-cce0-4ef1-afa4-09751667fb88","26","Vedtatt"
"Kifjord","Lebesby","Finnmark","2","Midt-Finnmark","https://kystinfofiler.kystverket.no/beredskap/Nodhavn/Finnmark/Kifjordx.pdf","27.333333309174034","70.88333333392319","c076899e-66bc-4cbf-b726-ac182c6487cc","27","Vedtatt"
"Duksfjord","Nordkapp","Finnmark","2","Midt-Finnmark","https://kystinfofiler.kystverket.no/beredskap/Nodhavn/Finnmark/Duksfjordx.pdf","25.856666657447757","71.070000000208466","88db11bf-2aea-42f2-845a-d3946633946c","28","Vedtatt"
"Sarnesfjord","Nordkapp","Finnmark","1","Midt-Finnmark","https://kystinfofiler.kystverket.no/beredskap/Nodhavn/Finnmark/Sarnesfjordx.pdf","25.736666657981683","70.978333333531012","783d85d3-aa11-4096-afb9-c632f9570c9f","29","Vedtatt"
"Østre Lafjord","Nordkapp","Finnmark","2","Midt-Finnmark","https://kystinfofiler.kystverket.no/beredskap/Nodhavn/Finnmark/Ostre_Lafjordx.pdf","25.521666659017431","70.878333333502667","80a1cdd7-2aeb-4433-9e10-1ee8e929e3bd","30","Vedtatt"
"Vannfjorden","Nordkapp","Finnmark","2","Midt-Finnmark","https://kystinfofiler.kystverket.no/beredskap/Nodhavn/Finnmark/Vesterbotnx.pdf","25.471666659502571","71.026666666829271","da718ac7-5d86-4507-b9da-b8b2e503ee3e","33","Vedtatt"
"Ryggefjord - Østerbotn/Vesterbotn","Måsøy","Finnmark","2","Vest-Finnmark","https://kystinfofiler.kystverket.no/beredskap/Nodhavn/Finnmark/Osterbotten_Ryggefjordx.pdf","24.962392205278125","70.877343990673339","70d9192b-9eee-48a3-818d-8cf55c7d850b","34","Vedtatt"
"Grunnfjordbotn","Karlsøy","Troms","2","Midt- og Nord-Troms","https://kystinfofiler.kystverket.no/beredskap/Nodhavn/Troms/Grunnfjordbotnx.pdf","19.54666666663557","69.993333333335926","5d948d49-5717-4f56-8d49-31895b756b7a","11","Vedtatt"
"Burøysund","Karlsøy","Troms","2","Midt- og Nord-Troms","https://kystinfofiler.kystverket.no/beredskap/Nodhavn/Troms/Buroysundx.pdf","19.724999999963334","70.233333333338066","fde7614e-f2fe-4615-9e6b-c3ebc752141d","12","Vedtatt"
"Vannvåg (øst av)","Karlsøy","Troms","1","Midt- og Nord-Troms","https://kystinfofiler.kystverket.no/beredskap/Nodhavn/Troms/Vannvaagx.pdf","20.003333333300148","70.075","ab965334-aae1-489f-a725-4fb91c6d616f","13","Vedtatt"
"Kulfjord - Østerbotn/Vesterbotn","Måsøy","Finnmark","2","Vest-Finnmark","https://kystinfofiler.kystverket.no/beredskap/Nodhavn/Finnmark/Osterbotn_Kulfjordx.pdf","24.8787854327567","70.931686553995419","bfd0aea2-9c5f-4c6f-afe5-6077bc6fe692","36","Vedtatt"
"Sørhamn","Måsøy","Finnmark","2","Vest-Finnmark","https://kystinfofiler.kystverket.no/beredskap/Nodhavn/Finnmark/Sorhamnx.pdf","24.094999997350179","70.930000000055713","83a80ae5-f77f-4730-bb52-c475c00fc528","38","Vedtatt"
"Korsfjordbotn","Alta","Finnmark","2","Vest-Finnmark","https://kystinfofiler.kystverket.no/beredskap/Nodhavn/Finnmark/Korsfjordbotnx.pdf","23.484999998171983","70.241666666706109","cd628c21-809b-4c98-b3c2-22cb5488150d","43","Vedtatt"
"Skillefjord","Alta","Finnmark","2","Vest-Finnmark","https://kystinfofiler.kystverket.no/beredskap/Nodhavn/Finnmark/Skillefjordx.pdf","23.3583333316584","70.180000000032919","ac64c575-b222-4cc3-92b4-c875512f5391","44","Vedtatt"
"Bossekop","Alta","Finnmark","2","Vest-Finnmark","https://kystinfofiler.kystverket.no/beredskap/Nodhavn/Finnmark/Bossekopx.pdf","23.22833333180532","69.966666666695318","a8dd9ceb-aafe-4215-9286-fda4d5d71373","45","Vedtatt"
"Orkanger","Orkland","Trøndelag","2","Sør-Trøndelag","https://kystinfofiler.kystverket.no/beredskap/Nodhavn/MoreOgRomsdal/3163801_Orkanger.pdf","9.844999999415553","63.318333333444727","d983995f-cd5f-4bbe-b8e9-ac942999de1e","3163801","Vedtatt"
"Ytre Koven","Alta","Finnmark","2","Vest-Finnmark","https://kystinfofiler.kystverket.no/beredskap/Nodhavn/Finnmark/Ytre_Kovenx.pdf","22.916666665549684","70.158333333356367","f1622513-06cb-4b8b-aa5d-7d9f8863fe1b","46","Vedtatt"
"Sjåholmen","Hammerfest","Finnmark","2","Vest-Finnmark","https://kystinfofiler.kystverket.no/beredskap/Nodhavn/Finnmark/Sjaaholmenx.pdf","23.671666664639126","70.550000000040129","38ebe916-0585-41bb-907d-e41fccffd7cf","41","Vedtatt"
"Longvafjorden","Haram","Møre og Romsdal","2","Sunnmøre","https://kystinfofiler.kystverket.no/beredskap/Nodhavn/MoreOgRomsdal/3153401_Longvafjorden.pdf","6.260000004279353","62.659666700266364","241f57ac-f1de-41e7-a0c4-b1f19b4cda64","3153401","Vedtatt"
"Taknesbukta","Heim","Trøndelag","2","Nordmøre","https://kystinfofiler.kystverket.no/beredskap/Nodhavn/MoreOgRomsdal/3157101_Taknesbukta.pdf","8.35716666985585","63.14216670025931","9b889a18-5f1f-4a25-a3cd-c597f3d57c53","3157101","Vedtatt"
"Frænfjorden","Hustadvika","Møre og Romsdal","2","Romsdal","https://kystinfofiler.kystverket.no/beredskap/Nodhavn/MoreOgRomsdal/3154801_Fraenfjorden.pdf","7.128333332792521","62.844999999974441","2f69a592-3a85-47d9-a1bc-c5fae0ff0023","3154801","Vedtatt"
"Djupvik","Flekkefjord","Agder","1","Vest-Agder","https://kystinfofiler.kystverket.no/beredskap/Nodhavn/Sorost/Djupvik.pdf","6.665000003651611","58.261500000277451","aa45c483-f34f-4f5c-9f7c-9f8a87005cef","1100408","Vedtatt"
"Framnes syd","Sandefjord","Vestfold","3","Vestfold","https://kystinfofiler.kystverket.no/beredskap/Nodhavn/Sorost/Framnes syd.pdf","10.22916666672953","59.115333333338462","b7c25944-76ec-47b3-bec8-d00afed7f4e6","1070603","Vedtatt"
"Horten dypvannskai","Horten","Vestfold","3","Vestfold","https://kystinfofiler.kystverket.no/beredskap/Nodhavn/Sorost/Horten dypvannskai.pdf","10.49416666670068","59.414333333338917","6aadbc3f-f3f3-4918-88ad-ad306282ad47","1070104","Vedtatt"
"Hjelmevågen","Øygarden","Vestland","2","Bergen","https://kystinfofiler.kystverket.no/beredskap/Nodhavn/Vest/Placeofrefuge108.pdf","4.815597819779946","60.658155747422882","a9660bc0-202f-44fc-9639-7a675b918603","108","Vedtatt"
"Børøyfjorden","Bømlo","Vestland","1","Haugesund","https://kystinfofiler.kystverket.no/beredskap/Nodhavn/Vest/Placeofrefuge110.pdf","5.281779533196181","59.71535648017116","9d81faa6-b22d-43bb-b793-5013b431d251","110","Vedtatt"
"Skogsvågen","Øygarden","Vestland","2","Bergen","https://kystinfofiler.kystverket.no/beredskap/Nodhavn/Vest/Placeofrefuge109.pdf","5.092231604298408","60.28023987913555","3f6ee52a-7047-45d2-be21-067f7f369dce","109","Vedtatt"
"Åmøyfjorden","Stavanger","Rogaland","1","Sør-Rogaland","https://kystinfofiler.kystverket.no/beredskap/Nodhavn/Vest/Placeofrefuge155.pdf","5.726728408889667","59.02467342425728","90e93fb8-0104-4f2e-96b9-9d51e091f043","155","Vedtatt"
"Korsvikfjorden","Kristiansand","Agder","1","Midt-Agder","https://kystinfofiler.kystverket.no/beredskap/Nodhavn/Sorost/Korsvikfjorden.pdf","8.057328083111221","58.130503358450945","10a96b71-8040-4c1d-ac43-d89ab1fd1639","1100105","Vedtatt"
"Pusnes/Tromøysund","Arendal","Agder","3","Aust-Agder","https://kystinfofiler.kystverket.no/beredskap/Nodhavn/Sorost/Pusnes-Tromoeysund.pdf","8.788332126430269","58.460833869739545","58dfe95b-96e2-4a01-af20-e1ecc5cad91b","1090605","Vedtatt"
"Asvall NATO-kai","Bamble","Telemark","2","Telemark","https://kystinfofiler.kystverket.no/beredskap/Nodhavn/Sorost/Asvall NATO-kai.pdf","9.73198852722701","59.02817046594857","a0bf8e5e-db5d-4588-a55e-bcd01090b386","1081403","Vedtatt"
"Vestre Bolærne NATO-kai","Færder","Vestfold","3","Vestfold","https://kystinfofiler.kystverket.no/beredskap/Nodhavn/Sorost/Vestre Bolaerne NATO-kai.pdf","10.527222680821831","59.216204171591961","93320ac8-d654-4440-8ff6-1e18a8814063","1072301","Vedtatt"
"Stokkviken","Fredrikstad","Østfold","3","Østfold","https://kystinfofiler.kystverket.no/beredskap/Nodhavn/Sorost/Stokkviken.pdf","10.752000000033467","59.230166666671565","be7c54a1-db86-4af3-aa77-5418c0d1fd1f","1010602","Vedtatt"
"Krogstadleira","Råde","Østfold","3","Østfold","https://kystinfofiler.kystverket.no/beredskap/Nodhavn/Sorost/Krogstadleira.pdf","10.720833333355717","59.295666666664886","86144b5f-4ea1-415c-9870-eb3873e26cf3","1013501","Vedtatt"
"Indre Lokkarfjord","Alta","Finnmark","2","Vest-Finnmark","https://kystinfofiler.kystverket.no/beredskap/Nodhavn/Finnmark/Indre_Lokkarfjordx.pdf","22.614999999140679","70.213333333348388","b2a1d68f-8e1f-4623-bd7b-7f97e57e56d3","47","Vedtatt"
"Kjeøy","Flekkefjord","Agder","1","Vest-Agder","https://kystinfofiler.kystverket.no/beredskap/Nodhavn/Sorost/Kjeoey.pdf","6.666653237372528","58.25500170894496","09e78fb2-0efc-4d6d-a4ec-bb2165f55770","1100406","Vedtatt"
"Agnholmen","Kvinesdal","Agder","3","Vest-Agder","https://kystinfofiler.kystverket.no/beredskap/Nodhavn/Sorost/Agnholmen.pdf","6.8411665881862","58.260500602941576","9a0f8fa1-a226-4ac2-9972-814ef653015c","1103701","Vedtatt"
"Øye smelteverk / Eramet","Kvinesdal","Agder","2","Vest-Agder","https://kystinfofiler.kystverket.no/beredskap/Nodhavn/Sorost/Oeye Smelteverk-Eramet.pdf","6.886223024272309","58.275049857085612","9a220232-82b2-4dd3-af3d-01c743da31d3","1103702","Vedtatt"
"Skarvøyflaket","Farsund","Agder","2","Vest-Agder","https://kystinfofiler.kystverket.no/beredskap/Nodhavn/Sorost/Skarvoeyflaket.pdf","6.890009195548107","58.058005938693846","3934f7aa-f839-44dd-aa4d-c880d2b558d6","1100301","Vedtatt"
"Dypvannskaia","Farsund","Agder","2","Vest-Agder","https://kystinfofiler.kystverket.no/beredskap/Nodhavn/Sorost/Dypvannskaia-Farsund.pdf","6.794572854978587","58.084878290321058","f226817f-57f0-4de1-bbfc-43e18d0de8fe","1100302","Vedtatt"
"Hausvig","Lyngdal","Agder","3","Vest-Agder","https://kystinfofiler.kystverket.no/beredskap/Nodhavn/Sorost/Hausvig.pdf","6.982126128010282","58.049908102993491","28a2ea87-acbb-49a0-a792-6a5818b64207","1103203","Vedtatt"
"Båly/Njervefjorden - Kai","Lindesnes","Agder","3","Vest-Agder","https://kystinfofiler.kystverket.no/beredskap/Nodhavn/Sorost/Baaly-Njervefjorden.pdf","7.152841496287207","58.039801131604065","65023253-9c1a-4308-afcf-b4a2075e20e0","1102901","Vedtatt"
"Hannevigbukta","Kristiansand","Agder","1","Midt-Agder","https://kystinfofiler.kystverket.no/beredskap/Nodhavn/Sorost/Hannevigbukta.pdf","7.985833334303482","58.133333333400294","6c445d3d-2c6d-4fcd-9794-e26fc7e025ce","1100102","Vedtatt"
"Olderfjord - Seiland","Alta","Finnmark","2","Vest-Finnmark","https://kystinfofiler.kystverket.no/beredskap/Nodhavn/Finnmark/Olderfjord_Seilandx.pdf","23.434999998290035","70.391666666699891","0eb19966-dcb8-4372-86c4-22d0b3b92ede","48","Vedtatt"
"Kongsgård kai 35","Kristiansand","Agder","2","Midt-Agder","https://kystinfofiler.kystverket.no/beredskap/Nodhavn/Sorost/Kongsgaard kai 35.pdf","8.035333634205614","58.156666440930316","a06d5cbb-3fcb-4642-8936-d0b5629b51a0","1100103","Vedtatt"
"Kokkenes","Lillesand","Agder","3","Midt-Agder","https://kystinfofiler.kystverket.no/beredskap/Nodhavn/Sorost/Kokkenes.pdf","8.383333506886862","58.246667070549428","394c5fe7-4acf-4801-abaa-e483fc3e0f12","1092601","Vedtatt"
"Bufjorden","Grimstad","Agder","3","Aust-Agder","https://kystinfofiler.kystverket.no/beredskap/Nodhavn/Sorost/Bufjorden.pdf","8.549999488202426","58.295002525296603","13df2fa5-e22d-4816-a07b-9f861c2800fc","1090402","Vedtatt"
"Vikkilen","Grimstad","Agder","2","Aust-Agder","https://kystinfofiler.kystverket.no/beredskap/Nodhavn/Sorost/Vikkilen.pdf","8.612000541823399","58.36083376673789","c914efcd-af9e-43ff-9613-16e3b02a1dac","1090403","Vedtatt"
"Vest av Stølene/øst av Buøya","Arendal","Agder","2","Aust-Agder","https://kystinfofiler.kystverket.no/beredskap/Nodhavn/Sorost/Vest av Stoelene - Oest av Buoeya.pdf","8.9016662733848","58.507167432770068","b7580333-0297-4e04-80fd-c3e306a5523b","1090602","Vedtatt"
"Pasvikhavn","Sør-Varanger","Finnmark","2","Øst-Finnmark","https://kystinfofiler.kystverket.no/beredskap/Nodhavn/Finnmark/Pasvikhavnx.pdf","30.566666494064215","69.816666672226319","470056d5-2539-427e-9522-0e726be0bfe6","1","Vedtatt"
"Lanabukt","Sør-Varanger","Finnmark","2","Øst-Finnmark","https://kystinfofiler.kystverket.no/beredskap/Nodhavn/Finnmark/Lanabuktx.pdf","30.45693068545733","69.742776242837479","ca1a70cf-0b6a-43a4-80d4-ba4a755f73a5","2","Vedtatt"
"Karpbukt","Sør-Varanger","Finnmark","2","Øst-Finnmark","https://kystinfofiler.kystverket.no/beredskap/Nodhavn/Finnmark/Karpbuktx.pdf","30.378333170889338","69.671666672024713","9260e5b9-32a8-41ac-b25b-1d4cdd11c123","3","Vedtatt"
"Eydehavn - Ny-kaien","Arendal","Agder","2","Aust-Agder","https://kystinfofiler.kystverket.no/beredskap/Nodhavn/Sorost/Eydehavn-ny kaien.pdf","8.87706222316362","58.495460072236732","6b91946c-8ec5-48fe-983c-fc511730dfdb","1090603","Vedtatt"
"Sandvigodden","Arendal","Agder","2","Aust-Agder","https://kystinfofiler.kystverket.no/beredskap/Nodhavn/Sorost/Sandvigodden NATO-kai.pdf","8.780833076607008","58.433833247392556","f4438449-bcbe-4442-bc3a-352194e0fb04","1090604","Vedtatt"
"Grisvågøy","Aure","Møre og Romsdal","2","Nordmøre","https://kystinfofiler.kystverket.no/beredskap/Nodhavn/MoreOgRomsdal/3156901_Grisvaagoey.pdf","8.416666671371953","63.341666700250144","c80101ad-fb6a-415c-889a-017eafd83049","3156901","Vedtatt"
"Revsneshavn","Hammerfest","Finnmark","2","Vest-Finnmark","https://kystinfofiler.kystverket.no/beredskap/Nodhavn/Finnmark/Revsneshavnx.pdf","24.356666663250422","70.688333333411819","85690e89-c534-438b-8986-7340498b0311","39","Vedtatt"
"Repparfjord","Hammerfest","Finnmark","2","Vest-Finnmark","https://kystinfofiler.kystverket.no/beredskap/Nodhavn/Finnmark/Repparfjordx.pdf","24.221666663467406","70.493333333406198","88b3fd54-9f91-4693-8389-92891124a168","40","Vedtatt"
"Agnefest","Lyngdal","Agder","1","Vest-Agder","https://kystinfofiler.kystverket.no/beredskap/Nodhavn/Sorost/Agnefest.pdf","7.051661785541819","58.116680633134436","c906815c-a2a9-43f7-ae87-eeb02b21917f","1103201","Vedtatt"
"Morvikkilen","Grimstad","Agder","3","Aust-Agder","https://kystinfofiler.kystverket.no/beredskap/Nodhavn/Sorost/Morvikkilen.pdf","8.549995766301462","58.306667442704907","9584ac18-211b-4891-b99a-650041e86b31","1090401","Vedtatt"
"Breivigen","Arendal","Agder","3","Aust-Agder","https://kystinfofiler.kystverket.no/beredskap/Nodhavn/Sorost/Breivigen.pdf","8.936666962956645","58.521000381047713","63f4fe46-1d4c-4994-a45b-9c37fdad3631","1090601","Vedtatt"
"Kværnkilen","Risør","Agder","3","Aust-Agder","https://kystinfofiler.kystverket.no/beredskap/Nodhavn/Sorost/Kvaernkilen.pdf","9.163612946096674","58.664437761833902","316894ab-ba99-4f5a-9141-39db51f7e042","1090101","Vedtatt"
"Vardnes","Flekkefjord","Agder","2","Vest-Agder","https://kystinfofiler.kystverket.no/beredskap/Nodhavn/Sorost/Vardnes.pdf","6.635669197777839","58.236166503459842","b12a5e4a-3875-4fea-a7d0-aff39be96df9","1100401","Vedtatt"
"Dvergsøy","Kristiansand","Agder","1","Midt-Agder","https://kystinfofiler.kystverket.no/beredskap/Nodhavn/Sorost/Dvergsoey.pdf","8.068999686099376","58.111667494066602","8b37382c-100b-44ad-b1ff-e456c7233cf2","1100101","Vedtatt"
"Stølefjorden","Kragerø","Telemark","3","Telemark","https://kystinfofiler.kystverket.no/beredskap/Nodhavn/Sorost/Stoelefjorden.pdf","9.402500005602416","58.813333300087727","18d2b47c-402a-4f65-b6af-2817adf6df9d","1081503","Vedtatt"
"Krana","Risør","Agder","3","Aust-Agder","https://kystinfofiler.kystverket.no/beredskap/Nodhavn/Sorost/Krana.pdf","9.228377935382335","58.72775257484632","4a855e64-907d-4cc3-bd7c-0cf267f5c365","1090103","Vedtatt"
"Rævesand/Merdøflaket","Arendal","Agder","2","Aust-Agder","https://kystinfofiler.kystverket.no/beredskap/Nodhavn/Sorost/Revesand-Merdoeflaket.pdf","8.804333859365748","58.433333387297914","736a4f14-e786-4b7d-877d-29a113f44132","1090606","Vedtatt"
"Høllefjorden","Kristiansand","Agder","3","Midt-Agder","https://kystinfofiler.kystverket.no/beredskap/Nodhavn/Sorost/Hoellefjorden.pdf","7.816667119655004","58.058333196335283","12a85187-0906-4750-970d-6b05dd95da66","1101802","Vedtatt"
"Flekkefjord havn/Eschebrygga","Flekkefjord","Agder","3","Vest-Agder","https://kystinfofiler.kystverket.no/beredskap/Nodhavn/Sorost/Flekkefjord havn, Eschebrygga.pdf","6.653333462442738","58.295000003735751","36fb7caf-4b89-4a8b-a8ef-bb015e27510f","1100403","Vedtatt"
"Risholmflaket","Flekkefjord","Agder","2","Vest-Agder","https://kystinfofiler.kystverket.no/beredskap/Nodhavn/Sorost/Risholmflaket.pdf","6.655002696374592","58.234998916098135","750f14ce-0c94-451c-b300-21ae826c7023","1100404","Vedtatt"
"Flekkefjordsfjorden/Gangstøbukta","Flekkefjord","Agder","3","Vest-Agder","https://kystinfofiler.kystverket.no/beredskap/Nodhavn/Sorost/Flekkefjords-fjorden, Gangstoebukta, Simek vestkai.pdf","6.655000162093193","58.281666703732519","b55be198-1dff-4026-9644-0f2f0200a1f6","1100405","Vedtatt"
"Kvalfjord","Hammerfest","Finnmark","2","Vest-Finnmark","https://kystinfofiler.kystverket.no/beredskap/Nodhavn/Finnmark/Kvalfjordx.pdf","23.849999997732333","70.716666666710935","958d59ba-79f9-471d-9a2e-a12ed348cf2e","49","Vedtatt"
"Nordfjorden/Kjødvika","Risør","Agder","3","Aust-Agder","https://kystinfofiler.kystverket.no/beredskap/Nodhavn/Sorost/Nordfjorden - Kjoedvika.pdf","9.206474893133056","58.746621080322548","4ec6eeff-b67c-4b38-910c-43cb215aa29c","1090102","Vedtatt"
"Kvalvika","Lyngen","Troms","2","Midt- og Nord-Troms","https://kystinfofiler.kystverket.no/beredskap/Nodhavn/Troms/Kvalvikax.pdf","20.233333333265712","69.503333333338574","3c02f562-7c27-4a59-8d1e-f119930200f2","6","Vedtatt"
"Nord Tverfjorden","Loppa","Finnmark","2","Vest-Finnmark","https://kystinfofiler.kystverket.no/beredskap/Nodhavn/Finnmark/Nord_Tverfjordenx.pdf","21.848333332946073","70.215000000002377","e9bc5b2e-7f6a-4ef4-bf19-3ef20bcebd61","60","Vedtatt"
"Frakkfjorden","Loppa","Finnmark","2","Vest-Finnmark","https://kystinfofiler.kystverket.no/beredskap/Nodhavn/Finnmark/Frakkfjordenx.pdf","21.476666666410562","70.210000000007454","9a3d8cac-93bd-475d-a4f3-95473f5c4c05","61","Vedtatt"
"Olderfjorden","Kvænangen","Troms","2","Midt- og Nord-Troms","https://kystinfofiler.kystverket.no/beredskap/Nodhavn/Troms/Olderfjordenx.pdf","21.453333333073775","70.165000000008504","df8b3385-52a0-427d-aa3a-24487650c663","1","Vedtatt"
"Båly/Njervefjorden - Ankring","Lindesnes","Agder","1","Vest-Agder","https://kystinfofiler.kystverket.no/beredskap/Nodhavn/Sorost/Baaly-Njervefjorden.pdf","7.162497966542374","58.037833919839578","3294124d-1056-421c-be88-8a66cb1f488d","1102901","Vedtatt"
"Kongsgård RoRo kai 36","Kristiansand","Agder","2","Midt-Agder","https://kystinfofiler.kystverket.no/beredskap/Nodhavn/Sorost/Kongsgaard RoRo-kai 36.pdf","8.036667322436941","58.157334857983038","25b2887d-e5b3-4eec-9434-892536b377a9","1100104","Vedtatt"
"Sodeviga","Lindesnes","Agder","2","Vest-Agder","https://kystinfofiler.kystverket.no/beredskap/Nodhavn/Sorost/Sodeviga.pdf","7.499499606585355","58.008166377698089","5cb11d3d-2618-43c6-9ed2-1963b873cd09","1100203","Vedtatt"
"Mannefjorden","Lindesnes","Agder","2","Vest-Agder","https://kystinfofiler.kystverket.no/beredskap/Nodhavn/Sorost/Mannefjorden.pdf","7.452666212808252","58.006833670814373","a0a4f539-5f27-45e8-b316-6325ef695e1b","1100202","Vedtatt"
"Kåfjorden","Lindesnes","Agder","3","Vest-Agder","https://kystinfofiler.kystverket.no/beredskap/Nodhavn/Sorost/Kaafjorden.pdf","7.323327884803163","58.036667122146469","321fec5b-8505-463a-aad2-9ddba23169e2","1102902","Vedtatt"
"Olavik","Askøy","Vestland","2","Bergen","https://kystinfofiler.kystverket.no/beredskap/Nodhavn/Vest/Placeofrefuge233.pdf","5.230177201544064","60.453158140673132","844adec0-23dd-4d61-85b9-aec2c2895cb2","233","Vedtatt"
"Fosen - Kvernavika","Karmøy","Rogaland","1","Haugesund","https://kystinfofiler.kystverket.no/beredskap/Nodhavn/Vest/Placeofrefuge234.pdf","5.37787043551304","59.302652409121407","89e8227a-f178-429a-8e0a-ff90c805e988","234","Vedtatt"
"Kollsnes Øst","Øygarden","Vestland","2","Bergen","https://kystinfofiler.kystverket.no/beredskap/Nodhavn/Vest/Placeofrefuge232.pdf","4.88523182882057","60.550623911403321","a68fdc11-ff27-4fa7-ac40-7bc1fc7338f4","232","Vedtatt"
"Bastøybukta","Horten","Vestfold","1","Vestfold","https://kystinfofiler.kystverket.no/beredskap/Nodhavn/Sorost/Bastoeybukta.pdf","10.530288375793576","59.393357613378505","964d7dcf-95c3-4e11-8e4b-5c9846ba3c8c","1070101","Vedtatt"
"Omastrand","Kvam","Vestland","2","Bergen","https://kystinfofiler.kystverket.no/beredskap/Nodhavn/Vest/Placeofrefuge174.pdf","5.986206210137168","60.212583757944813","e61ad1b3-a332-4522-8421-8f6302fa6f87","174","Vedtatt"
"Norheimsund","Kvam","Vestland","2","Bergen","https://kystinfofiler.kystverket.no/beredskap/Nodhavn/Vest/Placeofrefuge175.pdf","6.195669375354335","60.362590583549306","21500913-3a51-4f3d-92ac-0f0a1289129d","175","Vedtatt"
"Ålvik","Kvam","Vestland","2","Bergen","https://kystinfofiler.kystverket.no/beredskap/Nodhavn/Vest/Placeofrefuge177.pdf","6.416682671179052","60.427005829849485","5dca3eb4-e02e-4547-a62e-e67c2aeeadd0","177","Vedtatt"
"Akkarfjordbotn","Hammerfest","Finnmark","2","Vest-Finnmark","https://kystinfofiler.kystverket.no/beredskap/Nodhavn/Finnmark/Akkarfjordbotnx.pdf","23.404999998445003","70.785000000033847","0f532fb9-db7e-4c30-b2f9-b494a1189a28","50","Vedtatt"
"Ulvesundet","Kinn","Vestland","2","Nordfjord","https://kystinfofiler.kystverket.no/beredskap/Nodhavn/Vest/Placeofrefuge231.pdf","5.142810804149665","61.97696320497964","c7a3857d-3f91-481a-ab1e-04e1ea65a996","231","Vedtatt"
"Austefjorden","Øygarden","Vestland","2","Bergen","https://kystinfofiler.kystverket.no/beredskap/Nodhavn/Vest/Placeofrefuge229.pdf","5.075413445255036","60.188997868837454","6881b721-15d9-4adb-a778-3775414635d4","229","Vedtatt"
"Høylandsbygd","Kvinnherad","Vestland","2","Haugesund","https://kystinfofiler.kystverket.no/beredskap/Nodhavn/Vest/Placeofrefuge172.pdf","5.78236370083036","59.798175590574225","e612f0b6-2afb-48da-9e7c-91e7553e95f8","172","Vedtatt"
"Eldøyane","Stord","Vestland","1","Haugesund","https://kystinfofiler.kystverket.no/beredskap/Nodhavn/Vest/Placeofrefuge169.pdf","5.497916792460696","59.758112634227473","5447b77d-c317-48a2-89dd-927cd3dbf801","169","Vedtatt"
"Kinsarvik","Ullensvang","Vestland","2","Haugesund","https://kystinfofiler.kystverket.no/beredskap/Nodhavn/Vest/Placeofrefuge178.pdf","6.713908912353649","60.380453017071531","6f919f2e-2a4e-4bb5-9017-61bb00ea9674","178","Vedtatt"
"Nordnes","Ullensvang","Vestland","2","Haugesund","https://kystinfofiler.kystverket.no/beredskap/Nodhavn/Vest/Placeofrefuge179.pdf","6.569854167875977","60.205357064989862","b80ed111-e85e-414b-962a-138f0836c225","179","Vedtatt"
"Fanafjorden","Bergen","Vestland","2","Bergen","https://kystinfofiler.kystverket.no/beredskap/Nodhavn/Vest/Placeofrefuge185.pdf","5.274781888382062","60.233331502870705","8fe164db-aa8b-4731-a435-d52286435c5b","185","Vedtatt"
"Hanøytangen","Askøy","Vestland","1","Bergen","https://kystinfofiler.kystverket.no/beredskap/Nodhavn/Vest/Placeofrefuge187.pdf","5.105378012315575","60.434857585729439","bff2192b-0c78-483c-a5ee-c4329d309260","187","Vedtatt"
"Gåsvika","Hammerfest","Finnmark","2","Vest-Finnmark","https://kystinfofiler.kystverket.no/beredskap/Nodhavn/Finnmark/Gaasvikax.pdf","23.178333332036207","70.655000000026277","0b09e17e-373b-4dd8-b3ee-a0523dd05742","51","Vedtatt"
"Odda","Ullensvang","Vestland","2","Haugesund","https://kystinfofiler.kystverket.no/beredskap/Nodhavn/Vest/Placeofrefuge181.pdf","6.540483042471989","60.077774523267912","b54e5f9a-4108-44df-9f03-306339804fda","181","Vedtatt"
"Bøfjorden","Hyllestad","Vestland","2","Bergen","https://kystinfofiler.kystverket.no/beredskap/Nodhavn/Vest/Placeofrefuge198.pdf","5.331299216298237","61.122573555258171","d713d7cc-1c69-4081-a2b1-bdfa4c064043","198","Vedtatt"
"Høyanger","Høyanger","Vestland","2","Sogn og Sunnfjord","https://kystinfofiler.kystverket.no/beredskap/Nodhavn/Vest/Placeofrefuge201.pdf","6.067164256867546","61.21528026333911","006c26b6-76d6-41f7-a806-961bbde89134","201","Vedtatt"
"Vetlefjorden","Sogndal","Vestland","1","Sogn og Sunnfjord","https://kystinfofiler.kystverket.no/beredskap/Nodhavn/Vest/Placeofrefuge203.pdf","6.559409897512325","61.289611515731565","6c2499e4-9cba-437e-a6cc-081703753ffb","203","Vedtatt"
"Kaupanger","Sogndal","Vestland","2","Sogn og Sunnfjord","https://kystinfofiler.kystverket.no/beredskap/Nodhavn/Vest/Placeofrefuge204.pdf","7.250741997567268","61.17874372363746","80391abe-145f-44da-8bc6-dddf6eb10cb9","204","Vedtatt"
"Lærdal","Lærdal","Vestland","2","Sogn og Sunnfjord","https://kystinfofiler.kystverket.no/beredskap/Nodhavn/Vest/Placeofrefuge205.pdf","7.444980481791197","61.108579872630756","2aa2c264-b1f7-4b66-aa9c-b68cc4c9df0e","205","Vedtatt"
"Nybø","Askvoll","Vestland","2","Sogn og Sunnfjord","https://kystinfofiler.kystverket.no/beredskap/Nodhavn/Vest/Placeofrefuge209.pdf","4.74205906505609","61.303339303289704","fdb7885f-350a-4013-b61c-23726cc665b5","209","Vedtatt"
"Gjelsvika","Askvoll","Vestland","2","Sogn og Sunnfjord","https://kystinfofiler.kystverket.no/beredskap/Nodhavn/Vest/Placeofrefuge212.pdf","5.335182352731111","61.46577996612703","b18d7b10-b2af-47f2-9882-566fa71a36b9","212","Vedtatt"
"Fagervika","Hammerfest","Finnmark","2","Vest-Finnmark","https://kystinfofiler.kystverket.no/beredskap/Nodhavn/Finnmark/Fagervikax.pdf","23.443333331679774","70.608333333366147","f24a9d60-9f35-4afa-bca0-798f368693fa","52","Vedtatt"
"Botnaneset","Kinn","Vestland","2","Sogn og Sunnfjord","https://kystinfofiler.kystverket.no/beredskap/Nodhavn/Vest/Placeofrefuge214.pdf","5.077566414912951","61.614748574699966","3abedffb-49ca-4370-bf3d-475feec01492","214","Vedtatt"
"Sørgulen","Bremanger","Vestland","1","Nordfjord","https://kystinfofiler.kystverket.no/beredskap/Nodhavn/Vest/Placeofrefuge219.pdf","5.113446195687814","61.714063336367616","a25155bc-3d56-4598-95b8-88dbea4c1649","219","Vedtatt"
"Husefest","Bremanger","Vestland","2","Nordfjord","https://kystinfofiler.kystverket.no/beredskap/Nodhavn/Vest/Placeofrefuge216.pdf","4.97531898448691","61.701627254437227","ea39d574-5c6d-4e6f-8116-987d263d8706","216","Vedtatt"
"Allmenningen","Kinn","Vestland","1","Nordfjord","https://kystinfofiler.kystverket.no/beredskap/Nodhavn/Vest/Placeofrefuge221.pdf","5.22937512746006","61.90696585165275","79ea57b6-0e1c-4d9f-934c-0b4bc55ce2e7","221","Vedtatt"
"Davika","Bremanger","Vestland","2","Nordfjord","https://kystinfofiler.kystverket.no/beredskap/Nodhavn/Vest/Placeofrefuge224.pdf","5.554928841609634","61.893446560118065","125b20e5-962e-4ce9-a1fa-1ebf4abfa8f0","224","Vedtatt"
"Vilnesfjorden","Askvoll","Vestland","1","Sogn og Sunnfjord","https://kystinfofiler.kystverket.no/beredskap/Nodhavn/Vest/Placeofrefuge208.pdf","4.983686775276348","61.301906438399158","87a4f965-6563-4661-b1a9-1a94963136e9","208","Vedtatt"
"Borgundvåg","Stad","Vestland","2","Nordfjord","https://kystinfofiler.kystverket.no/beredskap/Nodhavn/Vest/Placeofrefuge228.pdf","5.314532199551751","62.148442013676878","aefefc0a-9c34-4da3-8942-dee2cd6fc184","228","Vedtatt"
"Kaldalsbukta","Inderøy","Trøndelag","2","Inn-Trøndelag","https://kystinfofiler.kystverket.no/beredskap/Nodhavn/MoreOgRomsdal/3172302_Kaldalsbukta.pdf","10.86698212570254","63.724664769296027","d1e489eb-c105-413b-b3f7-dc4f79ffeec5","3172302","Vedtatt"
"Stordal","Fjord","Møre og Romsdal","2","Sunnmøre","https://kystinfofiler.kystverket.no/beredskap/Nodhavn/MoreOgRomsdal/3152601_Stordal.pdf","6.976000001693696","62.38033330051352","e9c9d533-cbc9-4b2b-aab2-110f5ab987e5","3152601","Vedtatt"
"Stuevikgrunnen","Hvaler","Østfold","2","Østfold","https://kystinfofiler.kystverket.no/beredskap/Nodhavn/Sorost/Stuevikgrunnen.pdf","11.096333333353135","59.007666666667554","f6cc525a-ae75-4c10-bc8a-9251a73b03aa","1011104","Vedtatt"
"Blåsoppbukta","Halden","Østfold","3","Østfold","https://kystinfofiler.kystverket.no/beredskap/Nodhavn/Sorost/Blaasoppbukt.pdf","11.281113725725158","59.101322586264203","153f87e9-3dba-45c2-8749-e02a37798402","1010102","Vedtatt"
"Flåøybukta","Sunndal","Møre og Romsdal","2","Nordmøre","https://kystinfofiler.kystverket.no/beredskap/Nodhavn/MoreOgRomsdal/3156301_Flaaoeybukta.pdf","8.453666671216652","62.752666699933791","6eacebc9-9e92-41cc-9507-af3d4c09f936","3156301","Vedtatt"
"Kattholmen/Tyrhaug fyr","Smøla","Møre og Romsdal","1","Nordmøre","https://kystinfofiler.kystverket.no/beredskap/Nodhavn/MoreOgRomsdal/3157301_Kattholmen.pdf","8.246166670311519","63.320333299644155","9e9641d3-c4fa-4559-8778-5ec7b62da79e","3157301","Vedtatt"
"Torjulvågen","Tingvoll","Møre og Romsdal","2","Nordmøre","https://kystinfofiler.kystverket.no/beredskap/Nodhavn/MoreOgRomsdal/3156001_Torjulvaagen.pdf","8.259000001076963","62.98333329989007","9dee27b1-0ed6-49a8-8a36-47d93ee7d12a","3156001","Vedtatt"
"Bolgsvaet","Kristiansund","Møre og Romsdal","2","Nordmøre","https://kystinfofiler.kystverket.no/beredskap/Nodhavn/MoreOgRomsdal/3155602_Bolgsvaet.pdf","7.75766667117146","63.097499999684217","c585cbad-9db6-4291-a992-bd3e6d3f2afc","3155602","Vedtatt"
"Freineset","Gjemnes","Møre og Romsdal","1","Nordmøre","https://kystinfofiler.kystverket.no/beredskap/Nodhavn/MoreOgRomsdal/3155601_Freineset.pdf","7.831333331402337","63.014000000183735","53892027-f424-46cb-8cec-5f32e0295a68","3155601","Vedtatt"
"Batnfjorden","Gjemnes","Møre og Romsdal","2","Nordmøre","https://kystinfofiler.kystverket.no/beredskap/Nodhavn/MoreOgRomsdal/3155702_Batnfjorden.pdf","7.704833331463336","62.909833299881583","28493aac-70a1-4910-b54d-659b2e6eb10f","3155702","Vedtatt"
"Høgsetbukta","Gjemnes","Møre og Romsdal","3","Nordmøre","https://kystinfofiler.kystverket.no/beredskap/Nodhavn/MoreOgRomsdal/3155701_Hoegsetbukta.pdf","7.729166670560424","62.970999999693902","3650a2ba-e4d2-457b-b045-4b4301b36bb2","3155701","Vedtatt"
"Kristvika","Averøy","Møre og Romsdal","2","Nordmøre","https://kystinfofiler.kystverket.no/beredskap/Nodhavn/MoreOgRomsdal/3155402_Kristvika.pdf","7.66450000110451","63.057166699651383","6d1bbb87-33ab-4196-9496-0a9273599114","3155402","Vedtatt"
"Sildnesbukta","Hustadvika","Møre og Romsdal","2","Nordmøre","https://kystinfofiler.kystverket.no/beredskap/Nodhavn/MoreOgRomsdal/3155101_Sildnesbukta.pdf","7.440000001255815","62.950000000232336","68097730-bbd5-4881-b025-dabb1273c1cc","3155101","Vedtatt"
"Sveggevika","Averøy","Møre og Romsdal","3","Nordmøre","https://kystinfofiler.kystverket.no/beredskap/Nodhavn/MoreOgRomsdal/3155401_Sveggevika.pdf","7.603833335066447","63.087500000264363","8239cb5c-e875-4910-a6ee-e5bf8acf32cc","3155401","Vedtatt"
"Hukkelbergbukta","Aukra","Møre og Romsdal","3","Romsdal","https://kystinfofiler.kystverket.no/beredskap/Nodhavn/MoreOgRomsdal/3154701_Hukkelbergbukta.pdf","6.915500002631935","62.799833000123968","c29382f8-a57e-4b76-8602-42fc1806bc4c","3154701","Vedtatt"
"Fannefjorden, Hjelset","Molde","Møre og Romsdal","2","Romsdal","https://kystinfofiler.kystverket.no/beredskap/Nodhavn/MoreOgRomsdal/3150203_Fannefjorden.pdf","7.427833332272738","62.764000000096374","8a034b82-4331-4345-86fa-844fc61e70b4","3150203","Vedtatt"
"Karløyfjorden","Molde","Møre og Romsdal","1","Romsdal","https://kystinfofiler.kystverket.no/beredskap/Nodhavn/MoreOgRomsdal/3150200_Karloeyfjorden.pdf","7.370500001801768","62.725500000305814","5a0a7a4b-ef69-4159-a9f9-e02ed3543f39","3150200","Vedtatt"
"Nesjestranda/Hamnavika","Molde","Møre og Romsdal","2","Romsdal","https://kystinfofiler.kystverket.no/beredskap/Nodhavn/MoreOgRomsdal/3150201_Nesjestranda_Hamnavika.pdf","7.436666702186591","62.693333299988915","4a0802c3-5c0c-447f-b70d-de5956a6b6dd","3150201","Vedtatt"
"Norvikbukta","Rauma","Møre og Romsdal","1","Romsdal","https://kystinfofiler.kystverket.no/beredskap/Nodhavn/MoreOgRomsdal/3153902_Norvikbukta.pdf","7.457000001557539","62.583166700375507","b93d5e53-dcaa-4f24-a2a4-29a7a3a7852b","3153902","Vedtatt"
"Isfjorden/Åndalsnes","Rauma","Møre og Romsdal","2","Romsdal","https://kystinfofiler.kystverket.no/beredskap/Nodhavn/MoreOgRomsdal/3153901_Isfjorden_Aandalsnes.pdf","7.700000001872925","62.576666999868849","b537c152-28fc-4762-8ce6-756e92b95452","3153901","Vedtatt"
"Tresfjorden","Vestnes","Møre og Romsdal","1","Romsdal","https://kystinfofiler.kystverket.no/beredskap/Nodhavn/MoreOgRomsdal/3153502_Tresfjorden.pdf","7.140333301842799","62.562833299639529","a68fd0d3-5c74-4f39-8757-25d93267170b","3153502","Vedtatt"
"Tomrefjorden","Vestnes","Møre og Romsdal","1","Romsdal","https://kystinfofiler.kystverket.no/beredskap/Nodhavn/MoreOgRomsdal/3153501_Tomrefjorden.pdf","6.915000003635741","62.608333300200229","508d581b-be4d-4abc-8bb0-b10e8d5673a5","3153501","Vedtatt"
"Gangstøvika/ Flatholmen","Ålesund","Møre og Romsdal","2","Sunnmøre","https://kystinfofiler.kystverket.no/beredskap/Nodhavn/MoreOgRomsdal/3150401_Gangstoevika.pdf","6.228833335354805","62.480500000577216","f49bee82-c978-4695-bb31-d4b958411e3c","3150401","Vedtatt"
"Hareid","Hareid","Møre og Romsdal","2","Sunnmøre","https://kystinfofiler.kystverket.no/beredskap/Nodhavn/MoreOgRomsdal/3151501_Hareid.pdf","6.042333305646247","62.368666699990548","f408080d-ced9-4527-9bd7-135a89fd5f88","3151501","Vedtatt"
"Gursken","Sande","Møre og Romsdal","2","Sunnmøre","https://kystinfofiler.kystverket.no/beredskap/Nodhavn/MoreOgRomsdal/3151401_Gursken.pdf","5.57150000857637","62.230333000568407","872ab8e4-5a6c-4f68-8fd8-f73e5fd96e98","3151401","Vedtatt"
"Syvdefjorden","Vanylven","Møre og Romsdal","2","Sunnmøre","https://kystinfofiler.kystverket.no/beredskap/Nodhavn/MoreOgRomsdal/3151102_Syvdefjorden.pdf","5.673333009041555","62.151666700418431","9c115860-00da-41fc-ad3f-7a0c97fc23f9","3151102","Vedtatt"
"Vanylvsfjorden","Vanylven","Møre og Romsdal","1","Sunnmøre","https://kystinfofiler.kystverket.no/beredskap/Nodhavn/MoreOgRomsdal/3151101_Vanylvsfjorden.pdf","5.521000009580369","62.094000000371665","72280bac-79d4-4119-bc89-cea1d246a499","3151101","Vedtatt"
"Snarbybukta","Tromsø","Troms","2","Midt- og Nord-Troms","https://kystinfofiler.kystverket.no/beredskap/Nodhavn/Troms/Snarbybuktax.pdf","19.561666666639372","69.801666666663607","665bfbdd-b69c-4b58-8be3-f8921cf82a5a","14","Vedtatt"
"Breivika","Tromsø","Troms","2","Midt- og Nord-Troms","https://kystinfofiler.kystverket.no/beredskap/Nodhavn/Troms/Breivikax.pdf","18.984999999981891","69.673333333332522","48f97138-d67e-49a1-a98d-cf9bc9cf9767","15","Vedtatt"
"Manndalsbukt","Kåfjord","Troms","2","Midt- og Nord-Troms","https://kystinfofiler.kystverket.no/beredskap/Nodhavn/Troms/Manndalsbuktx.pdf","20.548333333223951","69.549999999999145","e48a5494-5e1b-43d5-b260-f2529617cd6c","8","Vedtatt"
"Helgøy syd","Karlsøy","Troms","2","Midt- og Nord-Troms","https://kystinfofiler.kystverket.no/beredskap/Nodhavn/Troms/Helgoy_sydx.pdf","19.369999999971931","70.108333333331018","a6a4e49b-189a-4ea9-bf2f-980e15eb9bed","9","Vedtatt"
"Gaukværøya","Bø","Nordland","1","Lofoten og Vesterålen","https://kystinfofiler.kystverket.no/beredskap/Nodhavn/Nordland/Gaukvaeroya.pdf","14.35658308181142","68.617178093296189","813fd923-9fc4-493d-aa46-4b832b645a13","-99","Vedtatt"
"Jenneset","Bø","Nordland","3","Lofoten og Vesterålen","https://kystinfofiler.kystverket.no/beredskap/Nodhavn/Nordland/Jenneset V.pdf","14.602265471144669","68.776175809804883","69cdac9f-fa51-426f-b03c-8d9675030773","-99","Vedtatt"
"Langfjord/Akkarvik","Skjervøy","Troms","2","Midt- og Nord-Troms","https://kystinfofiler.kystverket.no/beredskap/Nodhavn/Troms/Langfjord_Akkarvikx.pdf","20.528333333252679","70.058333333333564","34866c13-b1fc-497e-a480-5f6e81fcc83a","4","Vedtatt"
"Veggefjord","Karlsøy","Troms","2","Midt- og Nord-Troms","https://kystinfofiler.kystverket.no/beredskap/Nodhavn/Troms/Veggefjordx.pdf","19.214999999977341","70.066666666671352","26011d68-bd27-4ade-ad24-cd8c935ec01b","10","Vedtatt"
"Spilderbukta","Balsfjord","Troms","2","Midt- og Nord-Troms","https://kystinfofiler.kystverket.no/beredskap/Nodhavn/Troms/Spilderbuktax.pdf","18.498333333329807","69.433333333335952","1bcfbac3-aa54-43d9-945c-ac756c12d5f1","20","Vedtatt"
"Forsåbukta","Dyrøy","Troms","2","Midt- og Nord-Troms","https://kystinfofiler.kystverket.no/beredskap/Nodhavn/Troms/Forsaabuktax.pdf","17.476666666657806","69.033333333336628","31d94bfa-f940-4f44-a07f-e68db3d386df","21","Vedtatt"
"Kipertneset","Ibestad","Troms","2","Sør-Troms","https://kystinfofiler.kystverket.no/beredskap/Nodhavn/Troms/Kipertnesetx.pdf","17.186666666657686","68.776666666665619","a220fbe4-0c4d-455a-abd7-ad6d4b30773d","23","Vedtatt"
"Foldvik","Gratangen","Troms","2","Sør-Troms","https://kystinfofiler.kystverket.no/beredskap/Nodhavn/Troms/Foldvikx.pdf","17.436666666662276","68.691666666663963","e59cc376-a841-4a49-b9d4-25f65dcb1b2a","24","Vedtatt"
"Dypingen","Harstad","Troms","2","Sør-Troms","https://kystinfofiler.kystverket.no/beredskap/Nodhavn/Troms/Dypingenx.pdf","16.554999999991438","68.949999999997345","3dbd62b2-62c8-4836-8170-5c59383543a3","25","Vedtatt"
"Kasfjord","Harstad","Troms","2","Sør-Troms","https://kystinfofiler.kystverket.no/beredskap/Nodhavn/Troms/Kasfjordx.pdf","16.321666666657965","68.834999999996754","016fcd28-b5f1-41c9-9a0e-02b0fbff34b6","27","Vedtatt"
"Fjordbotn","Hammerfest","Finnmark","2","Vest-Finnmark","https://kystinfofiler.kystverket.no/beredskap/Nodhavn/Finnmark/Fjordbotnx.pdf","23.323333331862418","70.745000000032306","24971e96-e67e-403d-b279-0c0a6227a850","53","Vedtatt"
"Langstrandfjord - Vaerbotn/Krakebukta/Kuvika","Hammerfest","Finnmark","2","Vest-Finnmark","https://kystinfofiler.kystverket.no/beredskap/Nodhavn/Finnmark/Vaerbotnx.pdf","23.187043266207926","70.671515014989382","a9b98671-2008-4d07-8061-f403d7851aa8","55","Vedtatt"
"Øyfjorden","Hasvik","Finnmark","2","Vest-Finnmark","https://kystinfofiler.kystverket.no/beredskap/Nodhavn/Finnmark/Oyfjordenx.pdf","22.619999999207003","70.546666666681489","d920f8e4-6460-4c6e-8afe-c979cf637638","57","Vedtatt"
"Kipperfjordbotn","Hasvik","Finnmark","2","Vest-Finnmark","https://kystinfofiler.kystverket.no/beredskap/Nodhavn/Finnmark/Kipperfjordbotnx.pdf","22.466666665967171","70.525000000011815","7a3efd67-8c72-425d-b9a9-25723e2eb8b5","58","Vedtatt"
"Loppa","Loppa","Finnmark","2","Vest-Finnmark","https://kystinfofiler.kystverket.no/beredskap/Nodhavn/Finnmark/Loppax.pdf","21.4399999997481","70.330000000000382","d1de2b87-bee2-426b-88c2-d9c56f3189c5","59","Vedtatt"
"Tverfjord","Kvænangen","Troms","2","Midt- og Nord-Troms","https://kystinfofiler.kystverket.no/beredskap/Nodhavn/Troms/Tverfjordx.pdf","21.81166666627233","70.081666666678231","689d0403-05b5-47c8-a4b4-223dbc56dad0","2","Vedtatt"
"Kågsundet sør om Laukøy","Skjervøy","Troms","2","Midt- og Nord-Troms","https://kystinfofiler.kystverket.no/beredskap/Nodhavn/Troms/Kaagsundetx.pdf","20.811666666537246","70.066666666667913","e2d4b5c6-1127-48c7-b713-f0b35381e78a","3","Vedtatt"
"Trondheim/ Ilsvika","Trondheim","Trøndelag","2","Sør-Trøndelag","https://kystinfofiler.kystverket.no/beredskap/Nodhavn/MoreOgRomsdal/3160101_Trondheim_Ilsvika.pdf","10.355833332613372","63.434000000126701","8aac795e-0d0f-4460-b440-68626caa04e1","3160101","Vedtatt"
"Kvithyll","Indre Fosen","Trøndelag","2","Sør-Trøndelag","https://kystinfofiler.kystverket.no/beredskap/Nodhavn/MoreOgRomsdal/3162401_Kvithyll.pdf","9.893333333546975","63.565000000082023","e3d81a83-82aa-4a7b-8de9-a6f083d7354a","3162401","Vedtatt"
"Selvabukta","Orkland","Trøndelag","2","Sør-Trøndelag","https://kystinfofiler.kystverket.no/beredskap/Nodhavn/MoreOgRomsdal/3162202_Selvabukta.pdf","9.730000000868973","63.616666666388276","55fe7acb-99ac-40dc-ae12-fc9d3611e554","3162202","Vedtatt"
"Hommelvik","Malvik","Trøndelag","2","Sør-Trøndelag","https://kystinfofiler.kystverket.no/beredskap/Nodhavn/MoreOgRomsdal/3166301_Hommelvik.pdf","10.790000000794542","63.418333333037701","45c3c9ec-3f5f-4523-b798-47dfc6deeeb7","3166301","Vedtatt"
"Muruvik","Malvik","Trøndelag","2","Sør-Trøndelag","https://kystinfofiler.kystverket.no/beredskap/Nodhavn/MoreOgRomsdal/3166302_Muruvik.pdf","10.844985354658538","63.437664836444071","c1fbd6d1-3e8f-48f3-b1c3-8e4f358b35e3","3166302","Vedtatt"
"Hestvika","Hitra","Trøndelag","2","Sør-Trøndelag","https://kystinfofiler.kystverket.no/beredskap/Nodhavn/MoreOgRomsdal/3161701_Hestvika.pdf","9.206666667784825","63.563333332975148","33d6bdfa-eb88-4e75-82c9-cad6b2aecc6e","3161701","Vedtatt"
"Kværnhusvika","Hitra","Trøndelag","2","Sør-Trøndelag","https://kystinfofiler.kystverket.no/beredskap/Nodhavn/MoreOgRomsdal/3161702_Kvernhusvika.pdf","8.80181435895512","63.638497472238925","a038a323-67d5-4f5c-861a-429bc22371fe","3161702","Vedtatt"
"Brekstad","Ørland","Trøndelag","2","Sør-Trøndelag","https://kystinfofiler.kystverket.no/beredskap/Nodhavn/MoreOgRomsdal/3162101_Brekstad.pdf","9.671332429161046","63.68682521470997","8014d457-4911-477c-bf8c-adb034e314f3","3162101","Vedtatt"
"Uthaug","Ørland","Trøndelag","2","Sør-Trøndelag","https://kystinfofiler.kystverket.no/beredskap/Nodhavn/MoreOgRomsdal/3162102_Uthaug.pdf","9.591666667510227","63.730000000304422","6aed9407-92d7-4ee5-8121-b25527987ca4","3162102","Vedtatt"
"Kabelvågen / Lauvøya","Åfjord","Trøndelag","2","Sør-Trøndelag","https://kystinfofiler.kystverket.no/beredskap/Nodhavn/MoreOgRomsdal/3163001 Kabelvaagen_Lauvooya.pdf","9.918333333128052","63.929999999728039","e94862ba-c8ea-49f5-8fc1-23e75cd8fd5b","3163001","Vedtatt"
"Allmeningen","Åfjord","Trøndelag","2","Sør-Trøndelag","https://kystinfofiler.kystverket.no/beredskap/Nodhavn/MoreOgRomsdal/3163201_Allmeningen.pdf","10.073333332725689","64.174999999832337","1b51fe4c-283d-40f8-826b-44d4fcb1da68","3163201","Vedtatt"
"Sandviksberget m/Strandholmen","Osen","Trøndelag","2","Sør-Trøndelag","https://kystinfofiler.kystverket.no/beredskap/Nodhavn/MoreOgRomsdal/3163301_Sandviksberget med Strandholmen.pdf","10.443333333757781","64.328333332911271","c7fde8c4-e4ed-484a-953b-8c382dd8aa29","3163301","Vedtatt"
"Hopsfjorden","Osen","Trøndelag","2","Sør-Trøndelag","https://kystinfofiler.kystverket.no/beredskap/Nodhavn/MoreOgRomsdal/3163302_Hopsfjorden.pdf","10.499999999304949","64.340000000109029","df971891-23b8-4c68-b2c4-0707e75fa75a","3163302","Vedtatt"
"Høyvika","Osen","Trøndelag","2","Sør-Trøndelag","https://kystinfofiler.kystverket.no/beredskap/Nodhavn/MoreOgRomsdal/3163303_Hooyvika.pdf","10.466666402034869","64.333333862825356","4d0e2d94-fb10-46b9-944e-e84607ebeb03","3163303","Vedtatt"
"Stjørdal","Stjørdal","Trøndelag","2","Sør-Trøndelag","https://kystinfofiler.kystverket.no/beredskap/Nodhavn/MoreOgRomsdal/3171401_Stjoordal.pdf","10.883333333135893","63.466666666951156","bbb2fd17-0786-4928-b6a5-c10cdd5c60bb","3171401","Vedtatt"
"Steinvikholmen kai","Stjørdal","Trøndelag","2","Sør-Trøndelag","https://kystinfofiler.kystverket.no/beredskap/Nodhavn/MoreOgRomsdal/3141402_Steinvikholmen kai.pdf","10.830166673045655","63.541163692813889","97452f4a-1990-412b-b5f6-b07d7eba70f3","3141402","Vedtatt"
"Lagstein","Stjørdal","Trøndelag","2","Sør-Trøndelag","https://kystinfofiler.kystverket.no/beredskap/Nodhavn/MoreOgRomsdal/3171403_Lagstein.pdf","10.888815763672463","63.545493117549199","a058857b-beb4-4ecb-81ac-9ce1905a6b7d","3171403","Vedtatt"
"Åsenfjorden / Hyndøyvågen","Frosta","Trøndelag","2","Sør-Trøndelag","https://kystinfofiler.kystverket.no/beredskap/Nodhavn/MoreOgRomsdal/3171701_Aasenfjorden_Hyndooyvaagen.pdf","10.819999999969111","63.58666666676595","19f6a7f2-a49b-4414-bcf7-e00ed9754cab","3171701","Vedtatt"
"Åsenfjorden / Lofjorden","Levanger","Trøndelag","2","Inn-Trøndelag","https://kystinfofiler.kystverket.no/beredskap/Nodhavn/MoreOgRomsdal/3171901_Aasenfjorden_Lofjorden.pdf","10.901666666613368","63.588333333001749","863a362b-b36a-4867-915e-ca877e086346","3171901","Vedtatt"
"Fåneshavna","Frosta","Trøndelag","2","Sør-Trøndelag","https://kystinfofiler.kystverket.no/beredskap/Nodhavn/MoreOgRomsdal/3171702_Faaneshavna.pdf","10.806666666304581","63.638333333245782","fa0ff7c3-63e3-4a68-af2d-4633b493516b","3171702","Vedtatt"
"Skogn","Levanger","Trøndelag","2","Inn-Trøndelag","https://kystinfofiler.kystverket.no/beredskap/Nodhavn/MoreOgRomsdal/3171902_Skogn.pdf","11.163333333057878","63.713333333054308","e25e1d00-5fdb-4546-9f21-22929d5316f1","3171902","Vedtatt"
"Rørstadbukta","Levanger","Trøndelag","2","Inn-Trøndelag","https://kystinfofiler.kystverket.no/beredskap/Nodhavn/MoreOgRomsdal/3171903_Roorstadbukta.pdf","11.301666666217816","63.755000000067824","f7666624-ca79-46b6-8c7d-5518a14ca3d7","3171903","Vedtatt"
"Akrer Verdal/ Verdal havn/ Rinnleiret","Verdal","Trøndelag","2","Inn-Trøndelag","https://kystinfofiler.kystverket.no/beredskap/Nodhavn/MoreOgRomsdal/3172101_Aker Verdal_Verdal havn_Rinnleiret.pdf","11.4333333335654","63.7949999998104","de2af6d8-49af-4a15-b67b-3e67dfb49c37","3172101","Vedtatt"
"Gipling","Inderøy","Trøndelag","2","Inn-Trøndelag","https://kystinfofiler.kystverket.no/beredskap/Nodhavn/MoreOgRomsdal/3172301_Gipling.pdf","10.999999999391836","63.89166666704476","38637aee-0c46-4d44-9159-ecde802b8817","3172301","Vedtatt"
"Kjerknesvågen","Inderøy","Trøndelag","2","Inn-Trøndelag","https://kystinfofiler.kystverket.no/beredskap/Nodhavn/MoreOgRomsdal/3172901_Kjerknesvaagen.pdf","11.188333332777704","63.913333332983164","cf808367-7f66-4d07-aa11-002bf6268d17","3172901","Vedtatt"
"Bogatangen","Steinkjer","Trøndelag","99","Inn-Trøndelag","https://kystinfofiler.kystverket.no/beredskap/Nodhavn/MoreOgRomsdal/3170201_Bogatangen.pdf","11.466666666336346","64.011666666437733","8a6eda48-33ab-461c-b706-69d4a1d9eefd","3170201","Vedtatt"
"Malm","Steinkjer","Trøndelag","2","Inn-Trøndelag","https://kystinfofiler.kystverket.no/beredskap/Nodhavn/MoreOgRomsdal/3172402_Malm.pdf","11.228333333369848","64.071666667049655","00a276b1-733a-4ed5-9ebc-e17f73daef11","3172402","Vedtatt"
"Follafoss","Steinkjer","Trøndelag","2","Inn-Trøndelag","https://kystinfofiler.kystverket.no/beredskap/Nodhavn/MoreOgRomsdal/3172401_Follafoss.pdf","11.099999999801698","63.980000000353172","41f449d5-c6cf-4458-aac4-7b7e76cf4e43","3172401","Vedtatt"
"Namsos m/Spillum","Namsos","Trøndelag","2","Namdal","https://kystinfofiler.kystverket.no/beredskap/Nodhavn/MoreOgRomsdal/3170301_Namsos med Spillum.pdf","11.499999999090251","64.449999999530377","76419945-e40f-4352-a2f7-ea1774414cb5","3170301","Vedtatt"
"Fosnesvågen","Namsos","Trøndelag","2","Namdal","https://kystinfofiler.kystverket.no/beredskap/Nodhavn/MoreOgRomsdal/3174801_Fosnesvaagen.pdf","11.316666667247944","64.683333333793911","f3830e67-7226-4d7a-9d70-21634974bc23","3174801","Vedtatt"
"Varpvika / Movika","Namsos","Trøndelag","2","Namdal","https://kystinfofiler.kystverket.no/beredskap/Nodhavn/MoreOgRomsdal/3174802_Varpvika_Movika.pdf","11.416666666206821","64.696666666270204","9a5a315b-6c70-47e7-b553-685848df942e","3174802","Vedtatt"
"Løvmo kai","Nærøysund","Trøndelag","2","Namdal","https://kystinfofiler.kystverket.no/beredskap/Nodhavn/MoreOgRomsdal/3175101_Loovmo kai.pdf","11.319999998956485","64.741666666698748","5d974fb9-1cf6-4f82-ad0a-86512b67d664","3175101","Vedtatt"
"Kjeøytaren","Nærøysund","Trøndelag","2","Namdal","https://kystinfofiler.kystverket.no/beredskap/Nodhavn/MoreOgRomsdal/3175102_Kjeooytaren.pdf","11.550000000082843","64.799999999604907","67af6aec-d11f-4d2c-b899-5fe0479be169","3175102","Vedtatt"
"Husbysjøen","Leka","Trøndelag","2","Namdal","https://kystinfofiler.kystverket.no/beredskap/Nodhavn/MoreOgRomsdal/3175501_Husbysjooen.pdf","11.729999999748511","65.086666666517999","3dcbb94d-8098-4b79-9564-a89ad7eb0d55","3175501","Vedtatt"
"Gutvik","Leka","Trøndelag","2","Namdal","https://kystinfofiler.kystverket.no/beredskap/Nodhavn/MoreOgRomsdal/3175502_Gutvik.pdf","11.818500000785006","65.082833333366025","81db3dcf-2d3c-4ac0-99f2-fd75a5104775","3175502","Vedtatt"
"Vingvågen","Hitra","Trøndelag","2","Sør-Trøndelag","https://kystinfofiler.kystverket.no/beredskap/Nodhavn/MoreOgRomsdal/3162201_Vingvaagen.pdf","9.305000000291249","63.519999999712482","d22a77a9-9ee4-4656-a8bf-2cd93e6e27b0","3162201","Vedtatt"
"Saltbuodden / Nordstattland.","Namsos","Trøndelag","2","Namdal","https://kystinfofiler.kystverket.no/beredskap/Nodhavn/MoreOgRomsdal/3172501_Saltbuodden_Nordstattland.pdf","11.17000000090991","64.493333333129428","eada01bf-76e5-4bb7-a270-590402227fc2","3172501","Vedtatt"
"Leirvika","Namsos","Trøndelag","2","Namdal","https://kystinfofiler.kystverket.no/beredskap/Nodhavn/MoreOgRomsdal/3172502_Leirvika.pdf","11.08333333371419","64.516666666624744","239d5fe3-7567-47f0-bf6c-658969b8c5a3","3172502","Vedtatt"
"Risvikbukta / Storhestvika","Nærøysund","Trøndelag","2","Namdal","https://kystinfofiler.kystverket.no/beredskap/Nodhavn/MoreOgRomsdal/3175103_Risvikbukta_Storhestvika.pdf","11.700000000525726","64.800000000015046","b8878829-8e3e-40bd-9126-e3b811ecddca","3175103","Vedtatt"
"Ottersøy","Nærøysund","Trøndelag","2","Namdal","https://kystinfofiler.kystverket.no/beredskap/Nodhavn/MoreOgRomsdal/3175104_Ottersooy.pdf","11.284999305630294","64.859159670834259","f381adda-f1fa-4905-847f-235e4c057907","3175104","Vedtatt"
"Kolvereid","Nærøysund","Trøndelag","2","Namdal","https://kystinfofiler.kystverket.no/beredskap/Nodhavn/MoreOgRomsdal/3175105_Kolvereid.pdf","11.621666666995383","64.863333333666802","39fb37d2-2c57-4d21-9a21-121d5251a192","3175105","Vedtatt"
"Holla og Grøtvågen","Heim","Trøndelag","2","Sør-Trøndelag","https://kystinfofiler.kystverket.no/beredskap/Nodhavn/MoreOgRomsdal/3161201_Holla og Grootvaagen.pdf","9.110000000536113","63.303333333539619","c553f374-ea45-414c-9209-d10cb9c3c38b","3161201","Vedtatt"
"Fitjavågen","Heim","Trøndelag","2","Sør-Trøndelag","https://kystinfofiler.kystverket.no/beredskap/Nodhavn/MoreOgRomsdal/3161202_Fitjavaagen.pdf","9.126496575182994","63.345829456460216","4efe1d6f-f4de-4510-ba09-280ade300324","3161202","Vedtatt"
"Longyearbyen, Adventfjorden","Svalbard","Svalbard","99",,"https://kystinfofiler.kystverket.no/beredskap/Nodhavn/Svalbard/6211107-Longyearbyen, Adventfjorden.pdf","15.633306289708321","78.233324999172112","b8dbf5ac-c816-4f63-b3c0-3f164b733bf3","6211107","Vedtatt"
"Engelskbukta, Forlandsundet","Svalbard","Svalbard","99",,"https://kystinfofiler.kystverket.no/beredskap/Nodhavn/Svalbard/6211145-Engelskbukta, Forlandsundet.pdf","11.866637461811839","78.828329816133888","22385ba4-c296-4d2f-a457-35a3d051743b","6211145","Vedtatt"
"Jakobsenbukta, Woodfjorden","Svalbard","Svalbard","99",,"https://kystinfofiler.kystverket.no/beredskap/Nodhavn/Svalbard/6211142-Jakobsenbukta, Woodfjorden.pdf","14.166651467474454","79.616663068843494","e411f952-76b7-4ff6-bba8-90691d949dee","6211142","Vedtatt"
"Pyramiden, Mimerbukta, Billefjorden","Svalbard","Svalbard","99",,"https://kystinfofiler.kystverket.no/beredskap/Nodhavn/Svalbard/6211143-Pyramiden, Mimerbukta, Billefjorden.pdf","16.399997163468782","78.649999941108135","bd519865-57f0-4e8d-8c82-2e97d3a510cf","6211143","Vedtatt"
"Faksevågen, Lomfjorden","Svalbard","Svalbard","99",,"https://kystinfofiler.kystverket.no/beredskap/Nodhavn/Svalbard/6211128-Faksevaagen, Lomfjorden.pdf","17.733328781064746","79.549993849787199","69ee82aa-60a4-4a8d-b0e4-af00c9bc635b","6211128","Vedtatt"
"Palanderbukta, Nordaustlandet","Svalbard","Svalbard","99",,"https://kystinfofiler.kystverket.no/beredskap/Nodhavn/Svalbard/6211127-Palanderbukta, Nordaustlandet.pdf","20.78328028941452","79.574993985059294","0ef4a6bd-602b-4580-b5f2-8eaa6ed87bf6","6211127","Vedtatt"
"Binnebukta, Bjørnsundet","Svalbard","Svalbard","99",,"https://kystinfofiler.kystverket.no/beredskap/Nodhavn/Svalbard/6211129-Binnebukta, Bjoornsundet.pdf","19.999973678198216","79.071658961043454","98f6aa0a-ba78-488c-a1d7-d257a5928e63","6211129","Vedtatt"
"Sundbukta, Freemansundet","Svalbard","Svalbard","99",,"https://kystinfofiler.kystverket.no/beredskap/Nodhavn/Svalbard/6211131-Sundbukta, Freemansundet.pdf","20.833302545089467","78.208326545283626","2aaac2df-71da-4356-ab7a-530e17ed2ef8","6211131","Vedtatt"
"Agardhbukta, Storfjorden","Svalbard","Svalbard","99",,"https://kystinfofiler.kystverket.no/beredskap/Nodhavn/Svalbard/6211132-Agardhbukta, Storfjorden.pdf","18.566630184812471","77.999998117938219","b5e72e69-a3b6-4824-85e1-db080786c75c","6211132","Vedtatt"
"Gipsvika, Sassenfjorden","Svalbard","Svalbard","99",,"https://kystinfofiler.kystverket.no/beredskap/Nodhavn/Svalbard/6211144-Gipsvika, Sassenfjorden.pdf","16.516636675000299","78.423332991545308","833d6c8a-eede-40c8-86e8-38d2925208b7","6211144","Vedtatt"
"Russebukta, Edgeøya","Svalbard","Svalbard","99",,"https://kystinfofiler.kystverket.no/beredskap/Nodhavn/Svalbard/6211137-Russebukta, Edgeooya.pdf","21.016662080287748","77.624998951425496","f5f542d1-2e02-4032-925c-675819d0d43f","6211137","Vedtatt"
"Kvalvågen, Storfjorden","Svalbard","Svalbard","99",,"https://kystinfofiler.kystverket.no/beredskap/Nodhavn/Svalbard/6211133-Kvalvaagen, Storfjorden.pdf","17.866654789353074","77.449998025190439","e1243f93-ba6b-43e4-a1f8-7d748b4c916c","6211133","Vedtatt"
"Burgerbukta, Hornsund","Svalbard","Svalbard","99",,"https://kystinfofiler.kystverket.no/beredskap/Nodhavn/Svalbard/6211138-Burgerbukta, Hornsund.pdf","15.983293875528931","77.041660624694828","1105c149-062e-41f1-80ca-01ee6c90c5ab","6211138","Vedtatt"
"Gåshamna, Hornsund","Svalbard","Svalbard","99",,"https://kystinfofiler.kystverket.no/beredskap/Nodhavn/Svalbard/6211101-Gaashamna, Hornsund.pdf","15.833312449150524","76.949996742212718","8128fe9d-de03-45e1-978e-bc62d070b2ab","6211101","Vedtatt"
"Isbjørnhamna, Hornsund","Svalbard","Svalbard","99",,"https://kystinfofiler.kystverket.no/beredskap/Nodhavn/Svalbard/6211139-Isbjoornhamna, Hornsund.pdf","15.57664745297892","76.998331672812824","0baac431-e491-4cf7-b9c4-90600a45076f","6211139","Vedtatt"
"Vestervågen, Recherchefjorden","Svalbard","Svalbard","99",,"https://kystinfofiler.kystverket.no/beredskap/Nodhavn/Svalbard/6211102-Vestervaagen, Recherchefjorden.pdf","14.56666285782522","77.499991131021119","3e5f65d1-5d04-439b-8760-d4c32f9d3e0d","6211102","Vedtatt"
"VanKeulenhamna","Svalbard","Svalbard","99",,"https://kystinfofiler.kystverket.no/beredskap/Nodhavn/Svalbard/6211103-VanKeulenhamna.pdf","14.916665336554011","77.616663135640337","1b6afd10-92da-4997-b707-c60116a6d215","6211103","Vedtatt"
"Ankerhamna, Grønfjorden, Isfjorden","Svalbard","Svalbard","99",,"https://kystinfofiler.kystverket.no/beredskap/Nodhavn/Svalbard/6211105-Ankerhamna, Groonfjorden, Isfjorden.pdf","14.249998144755832","78.021659044979003","05917ae4-2b3a-49a7-9a57-c4ba1128bae5","6211105","Vedtatt"
"Colesbukta, Isfjorden","Svalbard","Svalbard","99",,"https://kystinfofiler.kystverket.no/beredskap/Nodhavn/Svalbard/6211106-Colesbukta, Isfjorden.pdf","14.949972787689788","78.116664935277342","54c8dc68-d8f6-4cb1-9caf-8650c0f45578","6211106","Vedtatt"
"Skansbukta, Billefjorden","Svalbard","Svalbard","99",,"https://kystinfofiler.kystverket.no/beredskap/Nodhavn/Svalbard/6211108-Skansbukta, Billefjorden.pdf","16.026635298041288","78.524998806332135","b4afe59a-40b0-483c-8ed1-f54781d20f73","6211108","Vedtatt"
"Trygghamna, Isfjorden","Svalbard","Svalbard","99",,"https://kystinfofiler.kystverket.no/beredskap/Nodhavn/Svalbard/6211112-Trygghamna, Isfjorden.pdf","13.783330295944971","78.249995771070161","4087588b-3168-4f8d-8ed2-0aee07d7b2bb","6211112","Vedtatt"
"StJonsfjorden, Forlandsundet","Svalbard","Svalbard","99",,"https://kystinfofiler.kystverket.no/beredskap/Nodhavn/Svalbard/6211141-StJonsfjorden, Forlandsundet.pdf","12.999995178536791","78.524994375171701","04419ea9-b84e-465a-82c6-ce82bbdcbf96","6211141","Vedtatt"
"Selvågen, Forlandsundet","Svalbard","Svalbard","99",,"https://kystinfofiler.kystverket.no/beredskap/Nodhavn/Svalbard/6211113-Selvaagen, Forlandsundet.pdf","11.433312028815603","78.583331497780975","e074068c-4d1b-4468-9205-a51994d8a51d","6211113","Vedtatt"
"Möllerhamna, Möllerfjorden","Svalbard","Svalbard","99",,"https://kystinfofiler.kystverket.no/beredskap/Nodhavn/Svalbard/6211134-Mollerhamna, Mollerfjorden.pdf","11.866656504823458","79.269993051864361","c32c07b1-21e4-40ed-b83d-604766edfb78","6211134","Vedtatt"
"Signehamna, Lilliehöökfjorden","Svalbard","Svalbard","99",,"https://kystinfofiler.kystverket.no/beredskap/Nodhavn/Svalbard/6211114-Signehamna, Lilliehookfjorden.pdf","11.549973978422674","79.271659033589799","d3544fdd-270c-4e35-9c66-a9ee5448d31d","6211114","Vedtatt"
"Trinityhamna, Magdalenefjorden","Svalbard","Svalbard","99",,"https://kystinfofiler.kystverket.no/beredskap/Nodhavn/Svalbard/6211115-Trinityhamna, Magdalenefjorden.pdf","11.061643301841784","79.558332293642607","31ff336c-1536-4e25-9c12-a221966fc5fd","6211115","Vedtatt"
"Scheibukta, Bjørnfjorden","Svalbard","Svalbard","99",,"https://kystinfofiler.kystverket.no/beredskap/Nodhavn/Svalbard/6211116-Scheibukta, Bjoornfjorden.pdf","11.149992007239984","79.641665509655951","a82c0131-96b5-4565-b0db-20a25619587f","6211116","Vedtatt"
"Alicehamna, Raudfjorden","Svalbard","Svalbard","99",,"https://kystinfofiler.kystverket.no/beredskap/Nodhavn/Svalbard/6211117-Alicehamna, Raudfjorden.pdf","12.199956389027887","79.733330535618194","c030f031-1487-4616-bdbe-b45517db102d","6211117","Vedtatt"
"Anderssonbukta, Storfjorden","Svalbard","Svalbard","99",,"https://kystinfofiler.kystverket.no/beredskap/Nodhavn/Svalbard/6211136-Anderssonbukta, Storfjorden.pdf","20.533323038394325","78.283328954504597","62768077-9060-43a9-8a4b-22e745ae081e","6211136","Vedtatt"
"Kaldbukta, Van Mijenfjorden","Svalbard","Svalbard","99",,"https://kystinfofiler.kystverket.no/beredskap/Nodhavn/Svalbard/6211140-Kaldbukta, Van Mijenfjorden.pdf","15.358296529168831","77.84166351623702","754ff684-3b28-4c99-9827-4e850cf3c021","6211140","Vedtatt"
"Gullybukta, Magdalenefjorden","Svalbard","Svalbard","99",,"https://kystinfofiler.kystverket.no/beredskap/Nodhavn/Svalbard/6211135-Gullybukta, Magdalenefjorden.pdf","10.949968477906889","79.549991143532338","b3b9e2d5-e66d-4d5a-8b5c-f019b04934bd","6211135","Vedtatt"
"Texas bar, Liefdefjorden","Svalbard","Svalbard","99",,"https://kystinfofiler.kystverket.no/beredskap/Nodhavn/Svalbard/6211118-Texas bar, Liefdefjorden.pdf","12.733297796336759","79.613324592019211","6bf13376-ad03-4797-8722-ea7a466c5a4d","6211118","Vedtatt"
"Sorgfjorden","Svalbard","Svalbard","99",,"https://kystinfofiler.kystverket.no/beredskap/Nodhavn/Svalbard/6211119-Sorgfjorden.pdf","16.833319705793155","79.909998036193798","899eebe8-7813-4650-b404-d11208c2f565","6211119","Vedtatt"
"Kinnvika, Murchisonfjorden","Svalbard","Svalbard","99",,"https://kystinfofiler.kystverket.no/beredskap/Nodhavn/Svalbard/6211120-Kinnvika, Murchisonfjorden.pdf","18.216634866228205","80.041666755826157","4bce4acc-bfab-4135-bc2a-8b408dc55b13","6211120","Vedtatt"
