"longitude","latitude","navn","kommune","fylke","kategori","lenke_faktaark","forvaltningsstatus","nodhavnnummer"
"17.535667280249744","68.53741157528556","Bjerkvik","Narvik","Nordland","1","https://kystinfofiler.kystverket.no/beredskap/Nodhavn/Nordland/Bjerkvik.pdf","Vedtatt","-99"
"17.031465966335507","68.489507758646781","Bogen","Evenes","Nordland","2","https://kystinfofiler.kystverket.no/beredskap/Nodhavn/Nordland/Bogen i Evenes.pdf","Vedtatt","-99"
"12.434751712708071","65.933528632890329","Vikholmen","Alstahaug","Nordland","2","https://kystinfofiler.kystverket.no/beredskap/Nodhavn/Nordland/Vikholmen.pdf","Vedtatt","-99"
"12.635113727625821","66.166943550503831","Gleinskallen","Dønna","Nordland","2","https://kystinfofiler.kystverket.no/beredskap/Nodhavn/Nordland/Gleinskallen.pdf","Vedtatt","-99"
"13.962711298628177","66.272262621516333","Nerdal","Rana","Nordland","1","https://kystinfofiler.kystverket.no/beredskap/Nodhavn/Nordland/Nerdal.pdf","Vedtatt","-99"
"13.587388142961203","66.27991978417208","Utskarpen","Rana","Nordland","1","https://kystinfofiler.kystverket.no/beredskap/Nodhavn/Nordland/Utskarpen.pdf","Vedtatt","-99"
"14.432471839788148","67.431213840229404","Landegode NØ","Bodø","Nordland","1","https://kystinfofiler.kystverket.no/beredskap/Nodhavn/Nordland/Landegode NO.pdf","Vedtatt","-99"
"15.14037179331906","67.216475833447845","Breivika","Bodø","Nordland","2","https://kystinfofiler.kystverket.no/beredskap/Nodhavn/Nordland/Breivika_Bodo.pdf","Vedtatt","-99"
"15.501790994790021","68.865383657983813","Skjoldehavn","Andøy","Nordland","2","https://kystinfofiler.kystverket.no/beredskap/Nodhavn/Nordland/Skjoldehavn.pdf","Vedtatt","-99"
"15.298576231186697","68.929595993789476","Gisløy","Øksnes","Nordland","1","https://kystinfofiler.kystverket.no/beredskap/Nodhavn/Nordland/Gisloy.pdf","Vedtatt","-99"
"9.923333333412183","63.729999999966402","Frengenbukta","Ørland","Trøndelag","2","https://kystinfofiler.kystverket.no/beredskap/Nodhavn/MoreOgRomsdal/3162402_Frengenbukta.pdf","Vedtatt","3162402"
"15.024994816539031","68.931150954450743","Høydalsvika","Øksnes","Nordland","2","https://kystinfofiler.kystverket.no/beredskap/Nodhavn/Nordland/Hoydalsvika.pdf","Vedtatt","-99"
"14.966406609378245","68.515295263796119","Lekang","Hadsel","Nordland","2","https://kystinfofiler.kystverket.no/beredskap/Nodhavn/Nordland/Lekang.pdf","Vedtatt","-99"
"13.499479068353958","68.143344942354219","Haugbukta","Vestvågøy","Nordland","3","https://kystinfofiler.kystverket.no/beredskap/Nodhavn/Nordland/Haugbukta.pdf","Vedtatt","-99"
"13.438941608801008","68.109691836619177","Nappstraumen","Flakstad","Nordland","2","https://kystinfofiler.kystverket.no/beredskap/Nodhavn/Nordland/Nappstraumen.pdf","Vedtatt","-99"
"13.244513848064868","68.020154235683279","Skjelfjorden","Flakstad","Nordland","2","https://kystinfofiler.kystverket.no/beredskap/Nodhavn/Nordland/Skjelfjorden.pdf","Vedtatt","-99"
"15.803172443104657","68.39243859136414","Kandstadfjorden","Lødingen","Nordland","1","https://kystinfofiler.kystverket.no/beredskap/Nodhavn/Nordland/Kandstadfjorden.pdf","Vedtatt","-99"
"17.164453421934351","68.405129925632863","Sjomen","Narvik","Nordland","1","https://kystinfofiler.kystverket.no/beredskap/Nodhavn/Nordland/Sjomen N.pdf","Vedtatt","-99"
"15.346289825269055","67.997982559900393","Skutvik","Hamarøy","Nordland","1","https://kystinfofiler.kystverket.no/beredskap/Nodhavn/Nordland/Skutvik.pdf","Vedtatt","-99"
"14.758344580825927","67.875081071100155","Grøtøyleia","Steigen","Nordland","2","https://kystinfofiler.kystverket.no/beredskap/Nodhavn/Nordland/Grotoyleia.pdf","Vedtatt","-99"
"15.054949157415711","67.516456857784263","Bårdsteinvika","Bodø","Nordland","2","https://kystinfofiler.kystverket.no/beredskap/Nodhavn/Nordland/Bardsteinvika.pdf","Vedtatt","-99"
"15.559271514106126","67.385880165204355","Hammerfall","Sørfold","Nordland","2","https://kystinfofiler.kystverket.no/beredskap/Nodhavn/Nordland/Hammerfall.pdf","Vedtatt","-99"
"16.995813825286053","68.373680708838037","Grønnholmen","Narvik","Nordland","2","https://kystinfofiler.kystverket.no/beredskap/Nodhavn/Nordland/Gronnholmen.pdf","Vedtatt","0"
"14.278851651039812","67.348471895938658","Landegode S","Bodø","Nordland","2","https://kystinfofiler.kystverket.no/beredskap/Nodhavn/Nordland/Landegode S.pdf","Vedtatt","-99"
"14.333961758597226","67.289974371161932","Hjartøysundet","Bodø","Nordland","3","https://kystinfofiler.kystverket.no/beredskap/Nodhavn/Nordland/Hjartoysundet.pdf","Vedtatt","-99"
"13.88763141453548","67.093930048297821","Fleina","Gildeskål","Nordland","1","https://kystinfofiler.kystverket.no/beredskap/Nodhavn/Nordland/Fleina S.pdf","Vedtatt","-99"
"13.724171298239696","67.065614233954506","Fugløya V","Gildeskål","Nordland","1","https://kystinfofiler.kystverket.no/beredskap/Nodhavn/Nordland/Fugloya V.pdf","Vedtatt","-99"
"13.586695646571322","66.897720716970397","Teksmona","Meløy","Nordland","2","https://kystinfofiler.kystverket.no/beredskap/Nodhavn/Nordland/Teksmona N.pdf","Vedtatt","-99"
"13.160912627917542","66.610784387284923","Renga","Rødøy","Nordland","2","https://kystinfofiler.kystverket.no/beredskap/Nodhavn/Nordland/Renga O.pdf","Vedtatt","-99"
"12.914673382872502","66.027456467244775","Hellesvika","Leirfjord","Nordland","2","https://kystinfofiler.kystverket.no/beredskap/Nodhavn/Nordland/Hellesvika.pdf","Vedtatt","-99"
"12.065168205481616","65.625607399141543","Ylvingen V","Vega","Nordland","2","https://kystinfofiler.kystverket.no/beredskap/Nodhavn/Nordland/Ylvingen V.pdf","Vedtatt","-99"
"12.136999497579076","65.436418281751216","Ormøya","Brønnøy","Nordland","3","https://kystinfofiler.kystverket.no/beredskap/Nodhavn/Nordland/Ormoya NV.pdf","Vedtatt","-99"
"12.251428569892106","65.311034915949946","Bjørnstigodden","Sømna","Nordland","2","https://kystinfofiler.kystverket.no/beredskap/Nodhavn/Nordland/Bjoernstigodden.pdf","Vedtatt","-99"
"16.012512839463319","68.422310053838061","Lødingen","Lødingen","Nordland","2","https://kystinfofiler.kystverket.no/beredskap/Nodhavn/Nordland/Lodingen.pdf","Vedtatt","-99"
"17.360558634481194","68.442004936243919","Framnesodden","Narvik","Nordland","1","https://kystinfofiler.kystverket.no/beredskap/Nodhavn/Nordland/Framnesodden.pdf","Vedtatt","-99"
"16.098618439806373","68.226320259318371","Bognes","Hamarøy","Nordland","1","https://kystinfofiler.kystverket.no/beredskap/Nodhavn/Nordland/Bognes.pdf","Vedtatt","-99"
"15.934320160742594","69.026363865282477","Andfjorden","Andøy","Nordland","1","https://kystinfofiler.kystverket.no/beredskap/Nodhavn/Nordland/Andfjorden.pdf","Vedtatt","-99"
"15.612679389563811","68.961962128704343","Risøyhamn","Andøy","Nordland","3","https://kystinfofiler.kystverket.no/beredskap/Nodhavn/Nordland/Risoyhamn.pdf","Vedtatt","-99"
"15.35190430610932","68.786362604757457","Gåsfjorden","Sortland","Nordland","1","https://kystinfofiler.kystverket.no/beredskap/Nodhavn/Nordland/Gaasfjorden.pdf","Vedtatt","-99"
"15.405171764431987","68.662468656192758","Sortland","Sortland","Nordland","2","https://kystinfofiler.kystverket.no/beredskap/Nodhavn/Nordland/Sortland.pdf","Vedtatt","-99"
"15.275285995150064","68.517308508492192","Lonkan","Hadsel","Nordland","3","https://kystinfofiler.kystverket.no/beredskap/Nodhavn/Nordland/Lonkan.pdf","Vedtatt","-99"
"14.974531761292541","68.454723337574649","Falkfjorden","Hadsel","Nordland","2","https://kystinfofiler.kystverket.no/beredskap/Nodhavn/Nordland/Falkfjorden.pdf","Vedtatt","-99"
"14.747692901016967","68.582321426663739","Breivika","Hadsel","Nordland","2","https://kystinfofiler.kystverket.no/beredskap/Nodhavn/Nordland/Breivika.pdf","Vedtatt","-99"
"15.860327986113299","68.766195857403787","Godfjorden","Sortland","Nordland","2","https://kystinfofiler.kystverket.no/beredskap/Nodhavn/Nordland/Godfjorden.pdf","Vedtatt","-99"
"14.973518048051645","68.324497643869037","Digermulen","Vågan","Nordland","2","https://kystinfofiler.kystverket.no/beredskap/Nodhavn/Nordland/Digermulen.pdf","Vedtatt","-99"
"13.595356847565032","68.113349325658135","Leknes","Vestvågøy","Nordland","2","https://kystinfofiler.kystverket.no/beredskap/Nodhavn/Nordland/Leknes.pdf","Vedtatt","-99"
"13.419146392132348","68.02304058153301","Nusfjord","Flakstad","Nordland","1","https://kystinfofiler.kystverket.no/beredskap/Nodhavn/Nordland/Nusfjord SO.pdf","Vedtatt","-99"
"12.921930696356792","67.83884659954947","Lofotodden","Moskenes","Nordland","1","https://kystinfofiler.kystverket.no/beredskap/Nodhavn/Nordland/Lofotodden O.pdf","Vedtatt","-99"
"14.543539223598351","67.242809551804896","Seivågen","Bodø","Nordland","2","https://kystinfofiler.kystverket.no/beredskap/Nodhavn/Nordland/Seivagen.pdf","Vedtatt","-99"
"14.102731936652223","67.160172150368922","Mårnesskagen","Gildeskål","Nordland","2","https://kystinfofiler.kystverket.no/beredskap/Nodhavn/Nordland/Marnesskagen.pdf","Vedtatt","-99"
"13.746302914836141","66.839043248566298","Neverdalsbukta","Meløy","Nordland","2","https://kystinfofiler.kystverket.no/beredskap/Nodhavn/Nordland/Neverdalsbukta.pdf","Vedtatt","-99"
"13.385792782247156","66.787670484815294","Grønøy V","Meløy","Nordland","2","https://kystinfofiler.kystverket.no/beredskap/Nodhavn/Nordland/Gronnoy V.pdf","Vedtatt","-99"
"12.405410717846513","65.877188724373227","Haugsfjorden","Alstahaug","Nordland","2","https://kystinfofiler.kystverket.no/beredskap/Nodhavn/Nordland/Haugsfjorden.pdf","Vedtatt","-99"
"12.186881535813798","65.495405526121687","Tilremfjorden","Brønnøy","Nordland","3","https://kystinfofiler.kystverket.no/beredskap/Nodhavn/Nordland/Tilremfjorden.pdf","Vedtatt","-99"
"13.46271750932871","66.78225301001622","Grønøy SØ","Meløy","Nordland","2","https://kystinfofiler.kystverket.no/beredskap/Nodhavn/Nordland/Gronnoy SO.pdf","Vedtatt","-99"
"17.242383878327463","68.416211644850677","Hokvika","Narvik","Nordland","1","https://kystinfofiler.kystverket.no/beredskap/Nodhavn/Nordland/Hokvika.pdf","Vedtatt","-99"
"12.761913912055213","66.178709452642522","Sundsvågen","Dønna","Nordland","2","https://kystinfofiler.kystverket.no/beredskap/Nodhavn/Nordland/Sundsvagen.pdf","Vedtatt","-99"
"11.966358499917622","65.207883283735512","Gimlingen Ø","Sømna","Nordland","3","https://kystinfofiler.kystverket.no/beredskap/Nodhavn/Nordland/Gimlingen O.pdf","Vedtatt","-99"
"13.084938226420306","66.639396317255631","Esvågneset","Rødøy","Nordland","1","https://kystinfofiler.kystverket.no/beredskap/Nodhavn/Nordland/Esvaagneset.pdf","Vedtatt","-99"
"15.521448878210839","68.159169404468187","Selsøyvika","Hamarøy","Nordland","2","https://kystinfofiler.kystverket.no/beredskap/Nodhavn/Nordland/Selsoyvika.pdf","Vedtatt","-99"
"12.110313975627994","65.373358200929985","Sømnesøya","Sømna","Nordland","2","https://kystinfofiler.kystverket.no/beredskap/Nodhavn/Nordland/Somnesoya.pdf","Vedtatt","-99"
"15.114796375015052","68.568698366094381","Sortlandssundet","Hadsel","Nordland","1","https://kystinfofiler.kystverket.no/beredskap/Nodhavn/Nordland/Sortlandssundet S.pdf","Vedtatt","-99"
"15.176419670611288","68.441609330599221","Kongselv","Hadsel","Nordland","2","https://kystinfofiler.kystverket.no/beredskap/Nodhavn/Nordland/Kongselv.pdf","Vedtatt","-99"
"15.008160731343247","68.864334299865689","Smines","Øksnes","Nordland","2","https://kystinfofiler.kystverket.no/beredskap/Nodhavn/Nordland/Smines.pdf","Vedtatt","-99"
"9.638333332988982","63.816666666540563","Valsneset / Valsfjorden","Ørland","Trøndelag","2","https://kystinfofiler.kystverket.no/beredskap/Nodhavn/MoreOgRomsdal/3162701_Valsneset_Valsfjorden.pdf","Vedtatt","3162701"
"15.038668397256636","67.977407080498452","Bøvika","Steigen","Nordland","1","https://kystinfofiler.kystverket.no/beredskap/Nodhavn/Nordland/Bovika.pdf","Vedtatt","-99"
"10.956084364978841","59.032667412625742","Vikertangen","Hvaler","Østfold","2","https://kystinfofiler.kystverket.no/beredskap/Nodhavn/Sorost/Vikertangen.pdf","Vedtatt","1011101"
"10.748472617650123","59.879341171916963","Ormesanden","Oslo","Oslo","2","https://kystinfofiler.kystverket.no/beredskap/Nodhavn/Sorost/Ormoeysanden.pdf","Vedtatt","1030101"
"6.362101663999972","60.343076307415231","Herandsvågen","Ullensvang","Vestland","2","https://kystinfofiler.kystverket.no/beredskap/Nodhavn/Vest/Placeofrefuge176.pdf","Vedtatt","176"
"5.00663858855255","60.414780755155462","Ågotnes","Øygarden","Vestland","1","https://kystinfofiler.kystverket.no/beredskap/Nodhavn/Vest/Placeofrefuge186.pdf","Vedtatt","186"
"5.180776720723906","60.587253060385734","Vettås","Alver","Vestland","2","https://kystinfofiler.kystverket.no/beredskap/Nodhavn/Vest/Placeofrefuge189.pdf","Vedtatt","189"
"4.902257880497446","61.091053050487169","Nessefjorden","Solund","Vestland","2","https://kystinfofiler.kystverket.no/beredskap/Nodhavn/Vest/Placeofrefuge196.pdf","Vedtatt","196"
"5.258374300131244","61.177177735524971","Åfjorden","Hyllestad","Vestland","1","https://kystinfofiler.kystverket.no/beredskap/Nodhavn/Vest/Placeofrefuge207.pdf","Vedtatt","207"
"16.421792587095489","68.560070433926739","Hårvika","Tjeldsund","Troms","2","https://kystinfofiler.kystverket.no/beredskap/Nodhavn/Nordland/Harvika.pdf","Vedtatt","-99"
"16.33041255796881","68.04806718214482","Gallonjargrunnen","Hamarøy","Nordland","3","https://kystinfofiler.kystverket.no/beredskap/Nodhavn/Nordland/Gallonjargrunnen.pdf","Vedtatt","-99"
"16.268256827804581","67.98813265601548","Tømmervika","Hamarøy","Nordland","3","https://kystinfofiler.kystverket.no/beredskap/Nodhavn/Nordland/Tommervika.pdf","Vedtatt","-99"
"16.491943808339325","67.817910474898127","Hellemobotn","Hamarøy","Nordland","3","https://kystinfofiler.kystverket.no/beredskap/Nodhavn/Nordland/Hellemobotn.pdf","Vedtatt","-99"
"16.271003902795737","68.351522789311275","Storvika","Narvik","Nordland","2","https://kystinfofiler.kystverket.no/beredskap/Nodhavn/Nordland/Storvika_Ballangen.pdf","Vedtatt","-99"
"16.4781695954869","68.457201284558437","Breivika","Tjeldsund","Troms","2","https://kystinfofiler.kystverket.no/beredskap/Nodhavn/Nordland/Breivika_Ramsundet.pdf","Vedtatt","-99"
"10.461196347034084","59.088994328379961","Sandøysund","Færder","Vestfold","3","https://kystinfofiler.kystverket.no/beredskap/Nodhavn/Sorost/Sandoeysund.pdf","Vedtatt","1072302"
"10.453943746032257","59.152650567290266","Mågerøyflaket","Færder","Vestfold","2","https://kystinfofiler.kystverket.no/beredskap/Nodhavn/Sorost/Maageroeyflaket.pdf","Vedtatt","1072303"
"10.48403866476046","59.237523404997042","Husøyflaket","Færder","Vestfold","2","https://kystinfofiler.kystverket.no/beredskap/Nodhavn/Sorost/Husoeyflaket.pdf","Vedtatt","1072201"
"9.530316470184488","58.929539016034305","Fossingfjorden/Bakerovnbukta","Bamble","Telemark","3","https://kystinfofiler.kystverket.no/beredskap/Nodhavn/Sorost/Fossingfjorden - Bakerovnbukta.pdf","Vedtatt","1081402"
"9.82993517685661","58.985344216027592","Helgerofjorden","Larvik","Vestfold","2","https://kystinfofiler.kystverket.no/beredskap/Nodhavn/Sorost/Helgerofjorden.pdf","Vedtatt","1070903"
"9.841046405011443","59.017749501275787","Mørjefjorden/Svartebukt","Larvik","Vestfold","2","https://kystinfofiler.kystverket.no/beredskap/Nodhavn/Sorost/Moerjefjorden - Svartebukt.pdf","Vedtatt","1070904"
"9.623961059828041","59.109133450760787","Frierflaket","Porsgrunn","Telemark","2","https://kystinfofiler.kystverket.no/beredskap/Nodhavn/Sorost/Frierflaket.pdf","Vedtatt","1080503"
"9.574178219007019","59.112122859720401","Herreflaket","Skien","Telemark","2","https://kystinfofiler.kystverket.no/beredskap/Nodhavn/Sorost/Herreflaket.pdf","Vedtatt","1081401"
"10.665244753941529","59.473795242719348","Kjørbukta","Moss","Østfold","2","https://kystinfofiler.kystverket.no/beredskap/Nodhavn/Sorost/Kjoerbukta.pdf","Vedtatt","1010401"
"11.106552253422446","59.036636371147829","Tresviken","Hvaler","Østfold","2","https://kystinfofiler.kystverket.no/beredskap/Nodhavn/Sorost/Tresviken.pdf","Vedtatt","1011101"
"9.871659280198347","63.888294355658104","Lysøysund","Ørland","Trøndelag","2","https://kystinfofiler.kystverket.no/beredskap/Nodhavn/MoreOgRomsdal/3162702_Lysooysund.pdf","Vedtatt","3162702"
"10.041166755367877","59.039247654329017","Revet","Larvik","Vestfold","1","https://kystinfofiler.kystverket.no/beredskap/Nodhavn/Sorost/Revet.pdf","Vedtatt","1070906"
"10.227053927154795","59.116588143805565","Framnes","Sandefjord","Vestfold","2","https://kystinfofiler.kystverket.no/beredskap/Nodhavn/Sorost/Framnes.pdf","Vedtatt","1070601"
"10.480584133381882","59.427628945734106","Horten indre havn","Horten","Vestfold","2","https://kystinfofiler.kystverket.no/beredskap/Nodhavn/Sorost/Horten indre havn.pdf","Vedtatt","1070103"
"11.38454429598991","59.096061550861215","Engevik","Halden","Østfold","3","https://kystinfofiler.kystverket.no/beredskap/Nodhavn/Sorost/Engevik.pdf","Vedtatt","1010101"
"9.451860964606768","58.843832423697989","Skjørsviken","Kragerø","Telemark","3","https://kystinfofiler.kystverket.no/beredskap/Nodhavn/Sorost/Skjoersvika.pdf","Vedtatt","1081501"
"10.514135266493167","59.327252446742996","Slagentangen","Tønsberg","Vestfold","1","https://kystinfofiler.kystverket.no/beredskap/Nodhavn/Sorost/Slagentangen.pdf","Vedtatt","1070403"
"10.339320483106018","59.475263789192255","Mulvika","Holmestrand","Vestfold","1","https://kystinfofiler.kystverket.no/beredskap/Nodhavn/Sorost/Mulvika.pdf","Vedtatt","1070201"
"9.758330566517865","59.035133198566832","Levalbukta øst for Bjørkøya","Porsgrunn","Telemark","2","https://kystinfofiler.kystverket.no/beredskap/Nodhavn/Sorost/Levalbukta.pdf","Vedtatt","1080502"
"9.7000867578961","59.065339048116471","Eidangerfjorden/Brevikterminalen","Porsgrunn","Telemark","2","https://kystinfofiler.kystverket.no/beredskap/Nodhavn/Sorost/Eidangerfjorden - Brevikterminalen.pdf","Vedtatt","1080501"
"10.656954354560179","59.427376236814432","Verlebukta/Moss havn","Moss","Østfold","2","https://kystinfofiler.kystverket.no/beredskap/Nodhavn/Sorost/Verlebukta - Moss havn.pdf","Vedtatt","1010402"
"10.296340046895976","59.73370734163862","Egersandbukta","Lier","Buskerud","2","https://kystinfofiler.kystverket.no/beredskap/Nodhavn/Sorost/Engersandbukta.pdf","Vedtatt","1062601"
"10.631494506631441","59.85287540279058","Syd av ildjernsflua","Nesodden","Akershus","2","https://kystinfofiler.kystverket.no/beredskap/Nodhavn/Sorost/Soer av Ildjernsflu.pdf","Vedtatt","1021601"
"10.65814495827296","59.337038869225751","Larkollen NATO-kai","Moss","Østfold","2","https://kystinfofiler.kystverket.no/beredskap/Nodhavn/Sorost/Larkollen NATO-kai.pdf","Vedtatt","1013601"
"10.693782962310287","59.25068961912978","Vest av Rauerkalven","Fredrikstad","Østfold","2","https://kystinfofiler.kystverket.no/beredskap/Nodhavn/Sorost/Vest av Rauerkalven.pdf","Vedtatt","1010601"
"29.964999873384066","69.87166667064615","Kobbvågen","Sør-Varanger","Finnmark","2","https://kystinfofiler.kystverket.no/beredskap/Nodhavn/Finnmark/Kobbvaagenx.pdf","Vedtatt","7"
"10.953796053928457","59.182706725726064","Øra","Fredrikstad","Østfold","2","https://kystinfofiler.kystverket.no/beredskap/Nodhavn/Sorost/Oera.pdf","Vedtatt","1010605"
"11.053503966770917","59.117013500997253","Ramsøyflaket","Fredrikstad","Østfold","2","https://kystinfofiler.kystverket.no/beredskap/Nodhavn/Sorost/Ramsoeyflaket.pdf","Vedtatt","1010606"
"11.37467858741771","59.115881432363992","Halden Havn / Sauøya","Halden","Østfold","3","https://kystinfofiler.kystverket.no/beredskap/Nodhavn/Sorost/Halden havn - Sauoeya.pdf","Vedtatt","1010104"
"10.348067027725149","59.210911671576852","Melsomvik","Sandefjord","Vestfold","2","https://kystinfofiler.kystverket.no/beredskap/Nodhavn/Sorost/Melsomvik.pdf","Vedtatt","1072001"
"10.339601848763804","59.182985701335603","Vest av Håøya","Sandefjord","Vestfold","2","https://kystinfofiler.kystverket.no/beredskap/Nodhavn/Sorost/Vest av Haaoeya (Bogen).pdf","Vedtatt","1072002"
"10.388726736382699","59.174029181883391","Kjøbmannsskjær/Vrengensundet","Færder","Vestfold","3","https://kystinfofiler.kystverket.no/beredskap/Nodhavn/Sorost/Kjoebmannsskjaer - Vrengensundet.pdf","Vedtatt","1072202"
"7.482170597068658","58.017668170507925","Gismerøya","Lindesnes","Agder","2","https://kystinfofiler.kystverket.no/beredskap/Nodhavn/Sorost/Gismeroeya.pdf","Vedtatt","1100201"
"10.487500000980848","59.25666670001435","Valløbukta","Tønsberg","Vestfold","3","https://kystinfofiler.kystverket.no/beredskap/Nodhavn/Sorost/Valloebukta.pdf","Vedtatt","1070401"
"29.444999903519275","69.898333336304148","Norskbukt","Sør-Varanger","Finnmark","2","https://kystinfofiler.kystverket.no/beredskap/Nodhavn/Finnmark/Norskbuktx.pdf","Vedtatt","8"
"6.824994826757735","58.255831564412375","Fedabukten","Kvinesdal","Agder","1","https://kystinfofiler.kystverket.no/beredskap/Nodhavn/Sorost/Fedabukten.pdf","Vedtatt","1103703"
"10.650984193969613","59.595904576536036","Hvitstenbukta","Vestby","Akershus","2","https://kystinfofiler.kystverket.no/beredskap/Nodhavn/Sorost/Hvitstenbukta.pdf","Vedtatt","1021101"
"7.699983871784223","58.035504058099292","Nord av nordre Vassøy lykt","Kristiansand","Agder","1","https://kystinfofiler.kystverket.no/beredskap/Nodhavn/Sorost/Nord av Nordre Vassoey lykt.pdf","Vedtatt","1101801"
"10.588809412102222","59.729321173667586","Grisebukta ved Fagerstrand","Frogn","Akershus","2","https://kystinfofiler.kystverket.no/beredskap/Nodhavn/Sorost/Grisebukta.pdf","Vedtatt","1021501"
"30.244999853357704","69.840000004668241","Innerhamna","Sør-Varanger","Finnmark","2","https://kystinfofiler.kystverket.no/beredskap/Nodhavn/Finnmark/Innerhamnax.pdf","Vedtatt","4"
"10.973667807608496","59.066168100388182","Skipstadsand/Kjerringholmen","Hvaler","Østfold","2","https://kystinfofiler.kystverket.no/beredskap/Nodhavn/Sorost/Skipstadsand - Kjerringholmen.pdf","Vedtatt","1011105"
"11.312833333339308","59.111333333330279","Ringdalsfjorden","Halden","Østfold","3","https://kystinfofiler.kystverket.no/beredskap/Nodhavn/Sorost/Ringdalsfjorden.pdf","Vedtatt","1010103"
"10.984166666689593","59.020333333334079","Duken","Hvaler","Østfold","3","https://kystinfofiler.kystverket.no/beredskap/Nodhavn/Sorost/Duken.pdf","Vedtatt","1011103"
"10.381491634858202","59.451082060202005","Frebergsvik","Holmestrand","Vestfold","1","https://kystinfofiler.kystverket.no/beredskap/Nodhavn/Sorost/Frebergsvik.pdf","Vedtatt","1071601"
"10.682666666689945","59.879833333331192","Sydvest av Nakkholmen","Oslo","Oslo","2","https://kystinfofiler.kystverket.no/beredskap/Nodhavn/Sorost/Sydvest av Nakkholmen.pdf","Vedtatt","1030102"
"10.865000000024608","59.152833333331088","Lera nord","Fredrikstad","Østfold","3","https://kystinfofiler.kystverket.no/beredskap/Nodhavn/Sorost/Lera nord.pdf","Vedtatt","1010603"
"10.852166666680038","59.143666666664444","Lera syd","Fredrikstad","Østfold","3","https://kystinfofiler.kystverket.no/beredskap/Nodhavn/Sorost/Lera syd.pdf","Vedtatt","1010604"
"6.657000003674723","58.239166666945678","Abelnes","Flekkefjord","Agder","2","https://kystinfofiler.kystverket.no/beredskap/Nodhavn/Sorost/Abelnes.pdf","Vedtatt","1100407"
"10.412574741599764","59.579641559715036","Solbergsbukta","Drammen","Buskerud","1","https://kystinfofiler.kystverket.no/beredskap/Nodhavn/Sorost/Solbergbukta.pdf","Vedtatt","1071101"
"16.558333333340823","68.808333333335355","Harstad havn","Harstad","Troms","2","https://kystinfofiler.kystverket.no/beredskap/Nodhavn/Troms/Harstad_Havnx.pdf","Vedtatt","28"
"16.2733333333397","68.951666666669851","Alvestadholman","Harstad","Troms","2","https://kystinfofiler.kystverket.no/beredskap/Nodhavn/Troms/Alvestadholmanx.pdf","Vedtatt","30"
"27.972525743122343","70.516803218037211","Vestertana","Tana","Finnmark","2","https://kystinfofiler.kystverket.no/beredskap/Nodhavn/Finnmark/Vestertanax.pdf","Vedtatt","0"
"5.580070250963129","58.925385638364482","Risavika","Sola","Rogaland","1","https://kystinfofiler.kystverket.no/beredskap/Nodhavn/Vest/Placeofrefuge111.pdf","Vedtatt","111"
"5.98288931157358","58.437857705348456","Eigersund havn","Eigersund","Rogaland","2","https://kystinfofiler.kystverket.no/beredskap/Nodhavn/Vest/Placeofrefuge112.pdf","Vedtatt","112"
"4.977983147578358","61.519989239998658","Askrova","Kinn","Vestland","2","https://kystinfofiler.kystverket.no/beredskap/Nodhavn/Vest/Placeofrefuge106.pdf","Vedtatt","106"
"5.050678966861695","60.812839480269226","Mongstad","Alver","Vestland","1","https://kystinfofiler.kystverket.no/beredskap/Nodhavn/Vest/Placeofrefuge107.pdf","Vedtatt","107"
"6.343396789266661","58.320155248554087","Jøssingfjord","Sokndal","Rogaland","2","https://kystinfofiler.kystverket.no/beredskap/Nodhavn/Vest/Placeofrefuge151.pdf","Vedtatt","151"
"5.617154374355699","59.024602446914429","Mekjarvik","Randaberg","Rogaland","1","https://kystinfofiler.kystverket.no/beredskap/Nodhavn/Vest/Placeofrefuge154.pdf","Vedtatt","154"
"13.061227778608284","66.229027245209409","Nesnaflaket","Nesna","Nordland","2","https://kystinfofiler.kystverket.no/beredskap/Nodhavn/Nordland/Nesnaflaket.pdf","Vedtatt","-99"
"5.311268021798272","59.329052389118289","Husøy","Karmøy","Rogaland","2","https://kystinfofiler.kystverket.no/beredskap/Nodhavn/Vest/Placeofrefuge165.pdf","Vedtatt","165"
"6.020728165103406","59.370515058839722","Berakvam","Suldal","Rogaland","2","https://kystinfofiler.kystverket.no/beredskap/Nodhavn/Vest/Placeofrefuge159.pdf","Vedtatt","159"
"5.325020178033868","59.314103000423664","Håvik","Karmøy","Rogaland","1","https://kystinfofiler.kystverket.no/beredskap/Nodhavn/Vest/Placeofrefuge164.pdf","Vedtatt","164"
"13.131089274690407","66.320310426589046","Sila","Lurøy","Nordland","2","https://kystinfofiler.kystverket.no/beredskap/Nodhavn/Nordland/Sila.pdf","Vedtatt","-99"
"5.243954954987648","59.613063312585162","Langevåg","Bømlo","Vestland","2","https://kystinfofiler.kystverket.no/beredskap/Nodhavn/Vest/Placeofrefuge168.pdf","Vedtatt","168"
"12.962077445204994","66.473034345321466","Kvarøya","Lurøy","Nordland","3","https://kystinfofiler.kystverket.no/beredskap/Nodhavn/Nordland/Kvaroya SO.pdf","Vedtatt","-99"
"13.064404311072714","66.38204388864699","Aldersund","Lurøy","Nordland","2","https://kystinfofiler.kystverket.no/beredskap/Nodhavn/Nordland/Aldersundet.pdf","Vedtatt","-99"
"13.014237923903634","66.476587850954573","Langvedøya","Lurøy","Nordland","2","https://kystinfofiler.kystverket.no/beredskap/Nodhavn/Nordland/Langvedoya.pdf","Vedtatt","-99"
"12.223678095385981","66.505001488602659","Trænfjorden","Træna","Nordland","1","https://kystinfofiler.kystverket.no/beredskap/Nodhavn/Nordland/Traenfjorden.pdf","Vedtatt","-99"
"10.234942127202421","59.733561738690106","Drammen Havn / Holmen","Drammen","Buskerud","2","https://kystinfofiler.kystverket.no/beredskap/Nodhavn/Sorost/Drammen havn-Holmen-Risgarden.pdf","Vedtatt","1060202"
"10.55189207522591","59.527179179907939","Vealøsgrunnen","Asker","Akershus","1","https://kystinfofiler.kystverket.no/beredskap/Nodhavn/Sorost/Vealoesgrunnen.pdf","Vedtatt","1062801"
"10.607175914300809","59.654388210415348","Syd av Storskjær","Asker","Akershus","1","https://kystinfofiler.kystverket.no/beredskap/Nodhavn/Sorost/Syd av Storskjaer (Nordre Storsand).pdf","Vedtatt","1062802"
"10.542075911619516","59.687452453657464","Engene","Asker","Akershus","3","https://kystinfofiler.kystverket.no/beredskap/Nodhavn/Sorost/Engene.pdf","Vedtatt","1062701"
"5.157376153564532","60.80779455855707","Haugsøytangen","Masfjorden","Vestland","2","https://kystinfofiler.kystverket.no/beredskap/Nodhavn/Vest/Placeofrefuge191.pdf","Vedtatt","191"
"5.065352411095912","60.851146240134391","Sløvågen","Gulen","Vestland","1","https://kystinfofiler.kystverket.no/beredskap/Nodhavn/Vest/Placeofrefuge192.pdf","Vedtatt","192"
"4.950898982741705","60.896197869665265","Nappsvågen","Gulen","Vestland","2","https://kystinfofiler.kystverket.no/beredskap/Nodhavn/Vest/Placeofrefuge195.pdf","Vedtatt","195"
"10.526257667014395","59.786020574237824","Slemmestadgrunnen","Asker","Akershus","2","https://kystinfofiler.kystverket.no/beredskap/Nodhavn/Sorost/Slemmestadgrunnen.pdf","Vedtatt","1062702"
"10.412668379686286","59.548168121619987","Støaflaket","Asker","Akershus","1","https://kystinfofiler.kystverket.no/beredskap/Nodhavn/Sorost/Stoeaflaket.pdf","Vedtatt","1062803"
"10.618229684971752","59.583439354747028","Halvorshavn Tankanlegg","Asker","Akershus","2","https://kystinfofiler.kystverket.no/beredskap/Nodhavn/Sorost/Halvorshavn Tankanlegg.pdf","Vedtatt","1062804"
"5.788343805849348","58.505152521329123","Sirevåg","Hå","Rogaland","2","https://kystinfofiler.kystverket.no/beredskap/Nodhavn/Vest/Placeofrefuge152.pdf","Vedtatt","152"
"29.374999906362337","69.868333336227494","Leirbukt","Sør-Varanger","Finnmark","2","https://kystinfofiler.kystverket.no/beredskap/Nodhavn/Finnmark/Leirbuktx.pdf","Vedtatt","9"
"5.25733483720775","59.410188682517109","Haugesund havn","Haugesund","Rogaland","2","https://kystinfofiler.kystverket.no/beredskap/Nodhavn/Vest/Placeofrefuge167.pdf","Vedtatt","167"
"5.770329127553513","59.605263805965343","Ølen","Vindafjord","Rogaland","1","https://kystinfofiler.kystverket.no/beredskap/Nodhavn/Vest/Placeofrefuge171.pdf","Vedtatt","171"
"5.587735903710693","59.291773091649837","Hervikfjorden","Tysvær","Rogaland","1","https://kystinfofiler.kystverket.no/beredskap/Nodhavn/Vest/Placeofrefuge160.pdf","Vedtatt","160"
"5.747317003547713","58.870959342283562","Gandsfjorden","Sandnes","Rogaland","2","https://kystinfofiler.kystverket.no/beredskap/Nodhavn/Vest/Placeofrefuge156.pdf","Vedtatt","156"
"5.904806712525489","59.089575190955493","Breiviga","Strand","Rogaland","2","https://kystinfofiler.kystverket.no/beredskap/Nodhavn/Vest/Placeofrefuge158.pdf","Vedtatt","158"
"5.286834431051465","59.361183570266029","Bøvågen","Karmøy","Rogaland","2","https://kystinfofiler.kystverket.no/beredskap/Nodhavn/Vest/Placeofrefuge166.pdf","Vedtatt","166"
"5.318263083575725","59.301252204257231","Byggnes","Karmøy","Rogaland","2","https://kystinfofiler.kystverket.no/beredskap/Nodhavn/Vest/Placeofrefuge163.pdf","Vedtatt","163"
"5.654982196038038","60.134115681698681","Strandvikflaket","Bjørnafjorden","Vestland","1","https://kystinfofiler.kystverket.no/beredskap/Nodhavn/Vest/Placeofrefuge183.pdf","Vedtatt","183"
"30.021666534976383","69.821666670845531","Holmbukt","Sør-Varanger","Finnmark","2","https://kystinfofiler.kystverket.no/beredskap/Nodhavn/Finnmark/Holmbuktx.pdf","Vedtatt","5"
"28.621666607263514","70.116666668383687","Karlebotn","Nesseby","Finnmark","2","https://kystinfofiler.kystverket.no/beredskap/Nodhavn/Finnmark/Karlebotnx.pdf","Vedtatt","10"
"28.739999936312934","70.091666668529498","Veidnesbotn","Nesseby","Finnmark","2","https://kystinfofiler.kystverket.no/beredskap/Nodhavn/Finnmark/Veidnesbotnx.pdf","Vedtatt","11"
"31.044999809097824","70.36666667216268","Svartnes","Vardø","Finnmark","2","https://kystinfofiler.kystverket.no/beredskap/Nodhavn/Finnmark/Svartnesx.pdf","Vedtatt","13"
"30.148333214373856","70.540000003258257","Nordfjord","Båtsfjord","Finnmark","2","https://kystinfofiler.kystverket.no/beredskap/Nodhavn/Finnmark/Nordfjordx.pdf","Vedtatt","14"
"29.77333323703623","70.643333335897495","Båtsfjord","Båtsfjord","Finnmark","2","https://kystinfofiler.kystverket.no/beredskap/Nodhavn/Finnmark/Baatsfjordx.pdf","Vedtatt","15"
"29.381666589118101","70.715000002025235","Kongsfjord","Berlevåg","Finnmark","2","https://kystinfofiler.kystverket.no/beredskap/Nodhavn/Finnmark/Kongsfjordx.pdf","Vedtatt","16"
"28.459999954192142","70.880000001139834","Tyfjord","Gamvik","Finnmark","2","https://kystinfofiler.kystverket.no/beredskap/Nodhavn/Finnmark/Tyfjordx.pdf","Vedtatt","17"
"28.316666623706848","70.818333334417943","Rafjord","Gamvik","Finnmark","2","https://kystinfofiler.kystverket.no/beredskap/Nodhavn/Finnmark/Rafjordx.pdf","Vedtatt","18"
"28.186666626198566","70.766666667691183","Hopsfjord","Gamvik","Finnmark","1","https://kystinfofiler.kystverket.no/beredskap/Nodhavn/Finnmark/Hopsfjordx.pdf","Vedtatt","19"
"28.034999962773291","70.760000000945183","Lille Skogfjord","Gamvik","Finnmark","2","https://kystinfofiler.kystverket.no/beredskap/Nodhavn/Finnmark/Lille_Skogfjordx.pdf","Vedtatt","20"
"27.848333300001741","70.780000000840559","Store Skogfjord","Gamvik","Finnmark","2","https://kystinfofiler.kystverket.no/beredskap/Nodhavn/Finnmark/Store_Skogfjordx.pdf","Vedtatt","21"
"28.084999959086293","70.463333334430317","Smalfjord","Tana","Finnmark","2","https://kystinfofiler.kystverket.no/beredskap/Nodhavn/Finnmark/Smalfjordx.pdf","Vedtatt","23"
"27.814999969249875","71.04833333406151","Steinfjord","Gamvik","Finnmark","2","https://kystinfofiler.kystverket.no/beredskap/Nodhavn/Finnmark/Steinfjordx.pdf","Vedtatt","25"
"27.538333306844169","71.00500000063299","Oksefjord","Lebesby","Finnmark","1","https://kystinfofiler.kystverket.no/beredskap/Nodhavn/Finnmark/Oksefjordx.pdf","Vedtatt","26"
"27.333333309174034","70.88333333392319","Kifjord","Lebesby","Finnmark","2","https://kystinfofiler.kystverket.no/beredskap/Nodhavn/Finnmark/Kifjordx.pdf","Vedtatt","27"
"25.856666657447757","71.070000000208466","Duksfjord","Nordkapp","Finnmark","2","https://kystinfofiler.kystverket.no/beredskap/Nodhavn/Finnmark/Duksfjordx.pdf","Vedtatt","28"
"25.736666657981683","70.978333333531012","Sarnesfjord","Nordkapp","Finnmark","1","https://kystinfofiler.kystverket.no/beredskap/Nodhavn/Finnmark/Sarnesfjordx.pdf","Vedtatt","29"
"25.521666659017431","70.878333333502667","Østre Lafjord","Nordkapp","Finnmark","2","https://kystinfofiler.kystverket.no/beredskap/Nodhavn/Finnmark/Ostre_Lafjordx.pdf","Vedtatt","30"
"25.471666659502571","71.026666666829271","Vannfjorden","Nordkapp","Finnmark","2","https://kystinfofiler.kystverket.no/beredskap/Nodhavn/Finnmark/Vesterbotnx.pdf","Vedtatt","33"
"24.962392205278125","70.877343990673339","Ryggefjord - Østerbotn/Vesterbotn","Måsøy","Finnmark","2","https://kystinfofiler.kystverket.no/beredskap/Nodhavn/Finnmark/Osterbotten_Ryggefjordx.pdf","Vedtatt","34"
"19.54666666663557","69.993333333335926","Grunnfjordbotn","Karlsøy","Troms","2","https://kystinfofiler.kystverket.no/beredskap/Nodhavn/Troms/Grunnfjordbotnx.pdf","Vedtatt","11"
"19.724999999963334","70.233333333338066","Burøysund","Karlsøy","Troms","2","https://kystinfofiler.kystverket.no/beredskap/Nodhavn/Troms/Buroysundx.pdf","Vedtatt","12"
"20.003333333300148","70.075","Vannvåg (øst av)","Karlsøy","Troms","1","https://kystinfofiler.kystverket.no/beredskap/Nodhavn/Troms/Vannvaagx.pdf","Vedtatt","13"
"24.8787854327567","70.931686553995419","Kulfjord - Østerbotn/Vesterbotn","Måsøy","Finnmark","2","https://kystinfofiler.kystverket.no/beredskap/Nodhavn/Finnmark/Osterbotn_Kulfjordx.pdf","Vedtatt","36"
"24.094999997350179","70.930000000055713","Sørhamn","Måsøy","Finnmark","2","https://kystinfofiler.kystverket.no/beredskap/Nodhavn/Finnmark/Sorhamnx.pdf","Vedtatt","38"
"23.484999998171983","70.241666666706109","Korsfjordbotn","Alta","Finnmark","2","https://kystinfofiler.kystverket.no/beredskap/Nodhavn/Finnmark/Korsfjordbotnx.pdf","Vedtatt","43"
"23.3583333316584","70.180000000032919","Skillefjord","Alta","Finnmark","2","https://kystinfofiler.kystverket.no/beredskap/Nodhavn/Finnmark/Skillefjordx.pdf","Vedtatt","44"
"23.22833333180532","69.966666666695318","Bossekop","Alta","Finnmark","2","https://kystinfofiler.kystverket.no/beredskap/Nodhavn/Finnmark/Bossekopx.pdf","Vedtatt","45"
"9.844999999415553","63.318333333444727","Orkanger","Orkland","Trøndelag","2","https://kystinfofiler.kystverket.no/beredskap/Nodhavn/MoreOgRomsdal/3163801_Orkanger.pdf","Vedtatt","3163801"
"22.916666665549684","70.158333333356367","Ytre Koven","Alta","Finnmark","2","https://kystinfofiler.kystverket.no/beredskap/Nodhavn/Finnmark/Ytre_Kovenx.pdf","Vedtatt","46"
"23.671666664639126","70.550000000040129","Sjåholmen","Hammerfest","Finnmark","2","https://kystinfofiler.kystverket.no/beredskap/Nodhavn/Finnmark/Sjaaholmenx.pdf","Vedtatt","41"
"6.260000004279353","62.659666700266364","Longvafjorden","Haram","Møre og Romsdal","2","https://kystinfofiler.kystverket.no/beredskap/Nodhavn/MoreOgRomsdal/3153401_Longvafjorden.pdf","Vedtatt","3153401"
"8.35716666985585","63.14216670025931","Taknesbukta","Heim","Trøndelag","2","https://kystinfofiler.kystverket.no/beredskap/Nodhavn/MoreOgRomsdal/3157101_Taknesbukta.pdf","Vedtatt","3157101"
"7.128333332792521","62.844999999974441","Frænfjorden","Hustadvika","Møre og Romsdal","2","https://kystinfofiler.kystverket.no/beredskap/Nodhavn/MoreOgRomsdal/3154801_Fraenfjorden.pdf","Vedtatt","3154801"
"6.665000003651611","58.261500000277451","Djupvik","Flekkefjord","Agder","1","https://kystinfofiler.kystverket.no/beredskap/Nodhavn/Sorost/Djupvik.pdf","Vedtatt","1100408"
"10.22916666672953","59.115333333338462","Framnes syd","Sandefjord","Vestfold","3","https://kystinfofiler.kystverket.no/beredskap/Nodhavn/Sorost/Framnes syd.pdf","Vedtatt","1070603"
"10.49416666670068","59.414333333338917","Horten dypvannskai","Horten","Vestfold","3","https://kystinfofiler.kystverket.no/beredskap/Nodhavn/Sorost/Horten dypvannskai.pdf","Vedtatt","1070104"
"4.815597819779946","60.658155747422882","Hjelmevågen","Øygarden","Vestland","2","https://kystinfofiler.kystverket.no/beredskap/Nodhavn/Vest/Placeofrefuge108.pdf","Vedtatt","108"
"5.281779533196181","59.71535648017116","Børøyfjorden","Bømlo","Vestland","1","https://kystinfofiler.kystverket.no/beredskap/Nodhavn/Vest/Placeofrefuge110.pdf","Vedtatt","110"
"5.092231604298408","60.28023987913555","Skogsvågen","Øygarden","Vestland","2","https://kystinfofiler.kystverket.no/beredskap/Nodhavn/Vest/Placeofrefuge109.pdf","Vedtatt","109"
"5.726728408889667","59.02467342425728","Åmøyfjorden","Stavanger","Rogaland","1","https://kystinfofiler.kystverket.no/beredskap/Nodhavn/Vest/Placeofrefuge155.pdf","Vedtatt","155"
"8.057328083111221","58.130503358450945","Korsvikfjorden","Kristiansand","Agder","1","https://kystinfofiler.kystverket.no/beredskap/Nodhavn/Sorost/Korsvikfjorden.pdf","Vedtatt","1100105"
"8.788332126430269","58.460833869739545","Pusnes/Tromøysund","Arendal","Agder","3","https://kystinfofiler.kystverket.no/beredskap/Nodhavn/Sorost/Pusnes-Tromoeysund.pdf","Vedtatt","1090605"
"9.73198852722701","59.02817046594857","Asvall NATO-kai","Bamble","Telemark","2","https://kystinfofiler.kystverket.no/beredskap/Nodhavn/Sorost/Asvall NATO-kai.pdf","Vedtatt","1081403"
"10.527222680821831","59.216204171591961","Vestre Bolærne NATO-kai","Færder","Vestfold","3","https://kystinfofiler.kystverket.no/beredskap/Nodhavn/Sorost/Vestre Bolaerne NATO-kai.pdf","Vedtatt","1072301"
"10.752000000033467","59.230166666671565","Stokkviken","Fredrikstad","Østfold","3","https://kystinfofiler.kystverket.no/beredskap/Nodhavn/Sorost/Stokkviken.pdf","Vedtatt","1010602"
"10.720833333355717","59.295666666664886","Krogstadleira","Råde","Østfold","3","https://kystinfofiler.kystverket.no/beredskap/Nodhavn/Sorost/Krogstadleira.pdf","Vedtatt","1013501"
"22.614999999140679","70.213333333348388","Indre Lokkarfjord","Alta","Finnmark","2","https://kystinfofiler.kystverket.no/beredskap/Nodhavn/Finnmark/Indre_Lokkarfjordx.pdf","Vedtatt","47"
"6.666653237372528","58.25500170894496","Kjeøy","Flekkefjord","Agder","1","https://kystinfofiler.kystverket.no/beredskap/Nodhavn/Sorost/Kjeoey.pdf","Vedtatt","1100406"
"6.8411665881862","58.260500602941576","Agnholmen","Kvinesdal","Agder","3","https://kystinfofiler.kystverket.no/beredskap/Nodhavn/Sorost/Agnholmen.pdf","Vedtatt","1103701"
"6.886223024272309","58.275049857085612","Øye smelteverk / Eramet","Kvinesdal","Agder","2","https://kystinfofiler.kystverket.no/beredskap/Nodhavn/Sorost/Oeye Smelteverk-Eramet.pdf","Vedtatt","1103702"
"6.890009195548107","58.058005938693846","Skarvøyflaket","Farsund","Agder","2","https://kystinfofiler.kystverket.no/beredskap/Nodhavn/Sorost/Skarvoeyflaket.pdf","Vedtatt","1100301"
"6.794572854978587","58.084878290321058","Dypvannskaia","Farsund","Agder","2","https://kystinfofiler.kystverket.no/beredskap/Nodhavn/Sorost/Dypvannskaia-Farsund.pdf","Vedtatt","1100302"
"6.982126128010282","58.049908102993491","Hausvig","Lyngdal","Agder","3","https://kystinfofiler.kystverket.no/beredskap/Nodhavn/Sorost/Hausvig.pdf","Vedtatt","1103203"
"7.152841496287207","58.039801131604065","Båly/Njervefjorden - Kai","Lindesnes","Agder","3","https://kystinfofiler.kystverket.no/beredskap/Nodhavn/Sorost/Baaly-Njervefjorden.pdf","Vedtatt","1102901"
"7.985833334303482","58.133333333400294","Hannevigbukta","Kristiansand","Agder","1","https://kystinfofiler.kystverket.no/beredskap/Nodhavn/Sorost/Hannevigbukta.pdf","Vedtatt","1100102"
"23.434999998290035","70.391666666699891","Olderfjord - Seiland","Alta","Finnmark","2","https://kystinfofiler.kystverket.no/beredskap/Nodhavn/Finnmark/Olderfjord_Seilandx.pdf","Vedtatt","48"
"8.035333634205614","58.156666440930316","Kongsgård kai 35","Kristiansand","Agder","2","https://kystinfofiler.kystverket.no/beredskap/Nodhavn/Sorost/Kongsgaard kai 35.pdf","Vedtatt","1100103"
"8.383333506886862","58.246667070549428","Kokkenes","Lillesand","Agder","3","https://kystinfofiler.kystverket.no/beredskap/Nodhavn/Sorost/Kokkenes.pdf","Vedtatt","1092601"
"8.549999488202426","58.295002525296603","Bufjorden","Grimstad","Agder","3","https://kystinfofiler.kystverket.no/beredskap/Nodhavn/Sorost/Bufjorden.pdf","Vedtatt","1090402"
"8.612000541823399","58.36083376673789","Vikkilen","Grimstad","Agder","2","https://kystinfofiler.kystverket.no/beredskap/Nodhavn/Sorost/Vikkilen.pdf","Vedtatt","1090403"
"8.9016662733848","58.507167432770068","Vest av Stølene/øst av Buøya","Arendal","Agder","2","https://kystinfofiler.kystverket.no/beredskap/Nodhavn/Sorost/Vest av Stoelene - Oest av Buoeya.pdf","Vedtatt","1090602"
"30.566666494064215","69.816666672226319","Pasvikhavn","Sør-Varanger","Finnmark","2","https://kystinfofiler.kystverket.no/beredskap/Nodhavn/Finnmark/Pasvikhavnx.pdf","Vedtatt","1"
"30.45693068545733","69.742776242837479","Lanabukt","Sør-Varanger","Finnmark","2","https://kystinfofiler.kystverket.no/beredskap/Nodhavn/Finnmark/Lanabuktx.pdf","Vedtatt","2"
"30.378333170889338","69.671666672024713","Karpbukt","Sør-Varanger","Finnmark","2","https://kystinfofiler.kystverket.no/beredskap/Nodhavn/Finnmark/Karpbuktx.pdf","Vedtatt","3"
"8.87706222316362","58.495460072236732","Eydehavn - Ny-kaien","Arendal","Agder","2","https://kystinfofiler.kystverket.no/beredskap/Nodhavn/Sorost/Eydehavn-ny kaien.pdf","Vedtatt","1090603"
"8.780833076607008","58.433833247392556","Sandvigodden","Arendal","Agder","2","https://kystinfofiler.kystverket.no/beredskap/Nodhavn/Sorost/Sandvigodden NATO-kai.pdf","Vedtatt","1090604"
"8.416666671371953","63.341666700250144","Grisvågøy","Aure","Møre og Romsdal","2","https://kystinfofiler.kystverket.no/beredskap/Nodhavn/MoreOgRomsdal/3156901_Grisvaagoey.pdf","Vedtatt","3156901"
"24.356666663250422","70.688333333411819","Revsneshavn","Hammerfest","Finnmark","2","https://kystinfofiler.kystverket.no/beredskap/Nodhavn/Finnmark/Revsneshavnx.pdf","Vedtatt","39"
"24.221666663467406","70.493333333406198","Repparfjord","Hammerfest","Finnmark","2","https://kystinfofiler.kystverket.no/beredskap/Nodhavn/Finnmark/Repparfjordx.pdf","Vedtatt","40"
"7.051661785541819","58.116680633134436","Agnefest","Lyngdal","Agder","1","https://kystinfofiler.kystverket.no/beredskap/Nodhavn/Sorost/Agnefest.pdf","Vedtatt","1103201"
"8.549995766301462","58.306667442704907","Morvikkilen","Grimstad","Agder","3","https://kystinfofiler.kystverket.no/beredskap/Nodhavn/Sorost/Morvikkilen.pdf","Vedtatt","1090401"
"8.936666962956645","58.521000381047713","Breivigen","Arendal","Agder","3","https://kystinfofiler.kystverket.no/beredskap/Nodhavn/Sorost/Breivigen.pdf","Vedtatt","1090601"
"9.163612946096674","58.664437761833902","Kværnkilen","Risør","Agder","3","https://kystinfofiler.kystverket.no/beredskap/Nodhavn/Sorost/Kvaernkilen.pdf","Vedtatt","1090101"
"6.635669197777839","58.236166503459842","Vardnes","Flekkefjord","Agder","2","https://kystinfofiler.kystverket.no/beredskap/Nodhavn/Sorost/Vardnes.pdf","Vedtatt","1100401"
"8.068999686099376","58.111667494066602","Dvergsøy","Kristiansand","Agder","1","https://kystinfofiler.kystverket.no/beredskap/Nodhavn/Sorost/Dvergsoey.pdf","Vedtatt","1100101"
"9.402500005602416","58.813333300087727","Stølefjorden","Kragerø","Telemark","3","https://kystinfofiler.kystverket.no/beredskap/Nodhavn/Sorost/Stoelefjorden.pdf","Vedtatt","1081503"
"9.228377935382335","58.72775257484632","Krana","Risør","Agder","3","https://kystinfofiler.kystverket.no/beredskap/Nodhavn/Sorost/Krana.pdf","Vedtatt","1090103"
"8.804333859365748","58.433333387297914","Rævesand/Merdøflaket","Arendal","Agder","2","https://kystinfofiler.kystverket.no/beredskap/Nodhavn/Sorost/Revesand-Merdoeflaket.pdf","Vedtatt","1090606"
"7.816667119655004","58.058333196335283","Høllefjorden","Kristiansand","Agder","3","https://kystinfofiler.kystverket.no/beredskap/Nodhavn/Sorost/Hoellefjorden.pdf","Vedtatt","1101802"
"6.653333462442738","58.295000003735751","Flekkefjord havn/Eschebrygga","Flekkefjord","Agder","3","https://kystinfofiler.kystverket.no/beredskap/Nodhavn/Sorost/Flekkefjord havn, Eschebrygga.pdf","Vedtatt","1100403"
"6.655002696374592","58.234998916098135","Risholmflaket","Flekkefjord","Agder","2","https://kystinfofiler.kystverket.no/beredskap/Nodhavn/Sorost/Risholmflaket.pdf","Vedtatt","1100404"
"6.655000162093193","58.281666703732519","Flekkefjordsfjorden/Gangstøbukta","Flekkefjord","Agder","3","https://kystinfofiler.kystverket.no/beredskap/Nodhavn/Sorost/Flekkefjords-fjorden, Gangstoebukta, Simek vestkai.pdf","Vedtatt","1100405"
"23.849999997732333","70.716666666710935","Kvalfjord","Hammerfest","Finnmark","2","https://kystinfofiler.kystverket.no/beredskap/Nodhavn/Finnmark/Kvalfjordx.pdf","Vedtatt","49"
"9.206474893133056","58.746621080322548","Nordfjorden/Kjødvika","Risør","Agder","3","https://kystinfofiler.kystverket.no/beredskap/Nodhavn/Sorost/Nordfjorden - Kjoedvika.pdf","Vedtatt","1090102"
"20.233333333265712","69.503333333338574","Kvalvika","Lyngen","Troms","2","https://kystinfofiler.kystverket.no/beredskap/Nodhavn/Troms/Kvalvikax.pdf","Vedtatt","6"
"21.848333332946073","70.215000000002377","Nord Tverfjorden","Loppa","Finnmark","2","https://kystinfofiler.kystverket.no/beredskap/Nodhavn/Finnmark/Nord_Tverfjordenx.pdf","Vedtatt","60"
"21.476666666410562","70.210000000007454","Frakkfjorden","Loppa","Finnmark","2","https://kystinfofiler.kystverket.no/beredskap/Nodhavn/Finnmark/Frakkfjordenx.pdf","Vedtatt","61"
"21.453333333073775","70.165000000008504","Olderfjorden","Kvænangen","Troms","2","https://kystinfofiler.kystverket.no/beredskap/Nodhavn/Troms/Olderfjordenx.pdf","Vedtatt","1"
"7.162497966542374","58.037833919839578","Båly/Njervefjorden - Ankring","Lindesnes","Agder","1","https://kystinfofiler.kystverket.no/beredskap/Nodhavn/Sorost/Baaly-Njervefjorden.pdf","Vedtatt","1102901"
"8.036667322436941","58.157334857983038","Kongsgård RoRo kai 36","Kristiansand","Agder","2","https://kystinfofiler.kystverket.no/beredskap/Nodhavn/Sorost/Kongsgaard RoRo-kai 36.pdf","Vedtatt","1100104"
"7.499499606585355","58.008166377698089","Sodeviga","Lindesnes","Agder","2","https://kystinfofiler.kystverket.no/beredskap/Nodhavn/Sorost/Sodeviga.pdf","Vedtatt","1100203"
"7.452666212808252","58.006833670814373","Mannefjorden","Lindesnes","Agder","2","https://kystinfofiler.kystverket.no/beredskap/Nodhavn/Sorost/Mannefjorden.pdf","Vedtatt","1100202"
"7.323327884803163","58.036667122146469","Kåfjorden","Lindesnes","Agder","3","https://kystinfofiler.kystverket.no/beredskap/Nodhavn/Sorost/Kaafjorden.pdf","Vedtatt","1102902"
"5.230177201544064","60.453158140673132","Olavik","Askøy","Vestland","2","https://kystinfofiler.kystverket.no/beredskap/Nodhavn/Vest/Placeofrefuge233.pdf","Vedtatt","233"
"5.37787043551304","59.302652409121407","Fosen - Kvernavika","Karmøy","Rogaland","1","https://kystinfofiler.kystverket.no/beredskap/Nodhavn/Vest/Placeofrefuge234.pdf","Vedtatt","234"
"4.88523182882057","60.550623911403321","Kollsnes Øst","Øygarden","Vestland","2","https://kystinfofiler.kystverket.no/beredskap/Nodhavn/Vest/Placeofrefuge232.pdf","Vedtatt","232"
"10.530288375793576","59.393357613378505","Bastøybukta","Horten","Vestfold","1","https://kystinfofiler.kystverket.no/beredskap/Nodhavn/Sorost/Bastoeybukta.pdf","Vedtatt","1070101"
"5.986206210137168","60.212583757944813","Omastrand","Kvam","Vestland","2","https://kystinfofiler.kystverket.no/beredskap/Nodhavn/Vest/Placeofrefuge174.pdf","Vedtatt","174"
"6.195669375354335","60.362590583549306","Norheimsund","Kvam","Vestland","2","https://kystinfofiler.kystverket.no/beredskap/Nodhavn/Vest/Placeofrefuge175.pdf","Vedtatt","175"
"6.416682671179052","60.427005829849485","Ålvik","Kvam","Vestland","2","https://kystinfofiler.kystverket.no/beredskap/Nodhavn/Vest/Placeofrefuge177.pdf","Vedtatt","177"
"23.404999998445003","70.785000000033847","Akkarfjordbotn","Hammerfest","Finnmark","2","https://kystinfofiler.kystverket.no/beredskap/Nodhavn/Finnmark/Akkarfjordbotnx.pdf","Vedtatt","50"
"5.142810804149665","61.97696320497964","Ulvesundet","Kinn","Vestland","2","https://kystinfofiler.kystverket.no/beredskap/Nodhavn/Vest/Placeofrefuge231.pdf","Vedtatt","231"
"5.075413445255036","60.188997868837454","Austefjorden","Øygarden","Vestland","2","https://kystinfofiler.kystverket.no/beredskap/Nodhavn/Vest/Placeofrefuge229.pdf","Vedtatt","229"
"5.78236370083036","59.798175590574225","Høylandsbygd","Kvinnherad","Vestland","2","https://kystinfofiler.kystverket.no/beredskap/Nodhavn/Vest/Placeofrefuge172.pdf","Vedtatt","172"
"5.497916792460696","59.758112634227473","Eldøyane","Stord","Vestland","1","https://kystinfofiler.kystverket.no/beredskap/Nodhavn/Vest/Placeofrefuge169.pdf","Vedtatt","169"
"6.713908912353649","60.380453017071531","Kinsarvik","Ullensvang","Vestland","2","https://kystinfofiler.kystverket.no/beredskap/Nodhavn/Vest/Placeofrefuge178.pdf","Vedtatt","178"
"6.569854167875977","60.205357064989862","Nordnes","Ullensvang","Vestland","2","https://kystinfofiler.kystverket.no/beredskap/Nodhavn/Vest/Placeofrefuge179.pdf","Vedtatt","179"
"5.274781888382062","60.233331502870705","Fanafjorden","Bergen","Vestland","2","https://kystinfofiler.kystverket.no/beredskap/Nodhavn/Vest/Placeofrefuge185.pdf","Vedtatt","185"
"5.105378012315575","60.434857585729439","Hanøytangen","Askøy","Vestland","1","https://kystinfofiler.kystverket.no/beredskap/Nodhavn/Vest/Placeofrefuge187.pdf","Vedtatt","187"
"23.178333332036207","70.655000000026277","Gåsvika","Hammerfest","Finnmark","2","https://kystinfofiler.kystverket.no/beredskap/Nodhavn/Finnmark/Gaasvikax.pdf","Vedtatt","51"
"6.540483042471989","60.077774523267912","Odda","Ullensvang","Vestland","2","https://kystinfofiler.kystverket.no/beredskap/Nodhavn/Vest/Placeofrefuge181.pdf","Vedtatt","181"
"5.331299216298237","61.122573555258171","Bøfjorden","Hyllestad","Vestland","2","https://kystinfofiler.kystverket.no/beredskap/Nodhavn/Vest/Placeofrefuge198.pdf","Vedtatt","198"
"6.067164256867546","61.21528026333911","Høyanger","Høyanger","Vestland","2","https://kystinfofiler.kystverket.no/beredskap/Nodhavn/Vest/Placeofrefuge201.pdf","Vedtatt","201"
"6.559409897512325","61.289611515731565","Vetlefjorden","Sogndal","Vestland","1","https://kystinfofiler.kystverket.no/beredskap/Nodhavn/Vest/Placeofrefuge203.pdf","Vedtatt","203"
"7.250741997567268","61.17874372363746","Kaupanger","Sogndal","Vestland","2","https://kystinfofiler.kystverket.no/beredskap/Nodhavn/Vest/Placeofrefuge204.pdf","Vedtatt","204"
"7.444980481791197","61.108579872630756","Lærdal","Lærdal","Vestland","2","https://kystinfofiler.kystverket.no/beredskap/Nodhavn/Vest/Placeofrefuge205.pdf","Vedtatt","205"
"4.74205906505609","61.303339303289704","Nybø","Askvoll","Vestland","2","https://kystinfofiler.kystverket.no/beredskap/Nodhavn/Vest/Placeofrefuge209.pdf","Vedtatt","209"
"5.335182352731111","61.46577996612703","Gjelsvika","Askvoll","Vestland","2","https://kystinfofiler.kystverket.no/beredskap/Nodhavn/Vest/Placeofrefuge212.pdf","Vedtatt","212"
"23.443333331679774","70.608333333366147","Fagervika","Hammerfest","Finnmark","2","https://kystinfofiler.kystverket.no/beredskap/Nodhavn/Finnmark/Fagervikax.pdf","Vedtatt","52"
"5.077566414912951","61.614748574699966","Botnaneset","Kinn","Vestland","2","https://kystinfofiler.kystverket.no/beredskap/Nodhavn/Vest/Placeofrefuge214.pdf","Vedtatt","214"
"5.113446195687814","61.714063336367616","Sørgulen","Bremanger","Vestland","1","https://kystinfofiler.kystverket.no/beredskap/Nodhavn/Vest/Placeofrefuge219.pdf","Vedtatt","219"
"4.97531898448691","61.701627254437227","Husefest","Bremanger","Vestland","2","https://kystinfofiler.kystverket.no/beredskap/Nodhavn/Vest/Placeofrefuge216.pdf","Vedtatt","216"
"5.22937512746006","61.90696585165275","Allmenningen","Kinn","Vestland","1","https://kystinfofiler.kystverket.no/beredskap/Nodhavn/Vest/Placeofrefuge221.pdf","Vedtatt","221"
"5.554928841609634","61.893446560118065","Davika","Bremanger","Vestland","2","https://kystinfofiler.kystverket.no/beredskap/Nodhavn/Vest/Placeofrefuge224.pdf","Vedtatt","224"
"4.983686775276348","61.301906438399158","Vilnesfjorden","Askvoll","Vestland","1","https://kystinfofiler.kystverket.no/beredskap/Nodhavn/Vest/Placeofrefuge208.pdf","Vedtatt","208"
"5.314532199551751","62.148442013676878","Borgundvåg","Stad","Vestland","2","https://kystinfofiler.kystverket.no/beredskap/Nodhavn/Vest/Placeofrefuge228.pdf","Vedtatt","228"
"10.86698212570254","63.724664769296027","Kaldalsbukta","Inderøy","Trøndelag","2","https://kystinfofiler.kystverket.no/beredskap/Nodhavn/MoreOgRomsdal/3172302_Kaldalsbukta.pdf","Vedtatt","3172302"
"6.976000001693696","62.38033330051352","Stordal","Fjord","Møre og Romsdal","2","https://kystinfofiler.kystverket.no/beredskap/Nodhavn/MoreOgRomsdal/3152601_Stordal.pdf","Vedtatt","3152601"
"11.096333333353135","59.007666666667554","Stuevikgrunnen","Hvaler","Østfold","2","https://kystinfofiler.kystverket.no/beredskap/Nodhavn/Sorost/Stuevikgrunnen.pdf","Vedtatt","1011104"
"11.281113725725158","59.101322586264203","Blåsoppbukta","Halden","Østfold","3","https://kystinfofiler.kystverket.no/beredskap/Nodhavn/Sorost/Blaasoppbukt.pdf","Vedtatt","1010102"
"8.453666671216652","62.752666699933791","Flåøybukta","Sunndal","Møre og Romsdal","2","https://kystinfofiler.kystverket.no/beredskap/Nodhavn/MoreOgRomsdal/3156301_Flaaoeybukta.pdf","Vedtatt","3156301"
"8.246166670311519","63.320333299644155","Kattholmen/Tyrhaug fyr","Smøla","Møre og Romsdal","1","https://kystinfofiler.kystverket.no/beredskap/Nodhavn/MoreOgRomsdal/3157301_Kattholmen.pdf","Vedtatt","3157301"
"8.259000001076963","62.98333329989007","Torjulvågen","Tingvoll","Møre og Romsdal","2","https://kystinfofiler.kystverket.no/beredskap/Nodhavn/MoreOgRomsdal/3156001_Torjulvaagen.pdf","Vedtatt","3156001"
"7.75766667117146","63.097499999684217","Bolgsvaet","Kristiansund","Møre og Romsdal","2","https://kystinfofiler.kystverket.no/beredskap/Nodhavn/MoreOgRomsdal/3155602_Bolgsvaet.pdf","Vedtatt","3155602"
"7.831333331402337","63.014000000183735","Freineset","Gjemnes","Møre og Romsdal","1","https://kystinfofiler.kystverket.no/beredskap/Nodhavn/MoreOgRomsdal/3155601_Freineset.pdf","Vedtatt","3155601"
"7.704833331463336","62.909833299881583","Batnfjorden","Gjemnes","Møre og Romsdal","2","https://kystinfofiler.kystverket.no/beredskap/Nodhavn/MoreOgRomsdal/3155702_Batnfjorden.pdf","Vedtatt","3155702"
"7.729166670560424","62.970999999693902","Høgsetbukta","Gjemnes","Møre og Romsdal","3","https://kystinfofiler.kystverket.no/beredskap/Nodhavn/MoreOgRomsdal/3155701_Hoegsetbukta.pdf","Vedtatt","3155701"
"7.66450000110451","63.057166699651383","Kristvika","Averøy","Møre og Romsdal","2","https://kystinfofiler.kystverket.no/beredskap/Nodhavn/MoreOgRomsdal/3155402_Kristvika.pdf","Vedtatt","3155402"
"7.440000001255815","62.950000000232336","Sildnesbukta","Hustadvika","Møre og Romsdal","2","https://kystinfofiler.kystverket.no/beredskap/Nodhavn/MoreOgRomsdal/3155101_Sildnesbukta.pdf","Vedtatt","3155101"
"7.603833335066447","63.087500000264363","Sveggevika","Averøy","Møre og Romsdal","3","https://kystinfofiler.kystverket.no/beredskap/Nodhavn/MoreOgRomsdal/3155401_Sveggevika.pdf","Vedtatt","3155401"
"6.915500002631935","62.799833000123968","Hukkelbergbukta","Aukra","Møre og Romsdal","3","https://kystinfofiler.kystverket.no/beredskap/Nodhavn/MoreOgRomsdal/3154701_Hukkelbergbukta.pdf","Vedtatt","3154701"
"7.427833332272738","62.764000000096374","Fannefjorden, Hjelset","Molde","Møre og Romsdal","2","https://kystinfofiler.kystverket.no/beredskap/Nodhavn/MoreOgRomsdal/3150203_Fannefjorden.pdf","Vedtatt","3150203"
"7.370500001801768","62.725500000305814","Karløyfjorden","Molde","Møre og Romsdal","1","https://kystinfofiler.kystverket.no/beredskap/Nodhavn/MoreOgRomsdal/3150200_Karloeyfjorden.pdf","Vedtatt","3150200"
"7.436666702186591","62.693333299988915","Nesjestranda/Hamnavika","Molde","Møre og Romsdal","2","https://kystinfofiler.kystverket.no/beredskap/Nodhavn/MoreOgRomsdal/3150201_Nesjestranda_Hamnavika.pdf","Vedtatt","3150201"
"7.457000001557539","62.583166700375507","Norvikbukta","Rauma","Møre og Romsdal","1","https://kystinfofiler.kystverket.no/beredskap/Nodhavn/MoreOgRomsdal/3153902_Norvikbukta.pdf","Vedtatt","3153902"
"7.700000001872925","62.576666999868849","Isfjorden/Åndalsnes","Rauma","Møre og Romsdal","2","https://kystinfofiler.kystverket.no/beredskap/Nodhavn/MoreOgRomsdal/3153901_Isfjorden_Aandalsnes.pdf","Vedtatt","3153901"
"7.140333301842799","62.562833299639529","Tresfjorden","Vestnes","Møre og Romsdal","1","https://kystinfofiler.kystverket.no/beredskap/Nodhavn/MoreOgRomsdal/3153502_Tresfjorden.pdf","Vedtatt","3153502"
"6.915000003635741","62.608333300200229","Tomrefjorden","Vestnes","Møre og Romsdal","1","https://kystinfofiler.kystverket.no/beredskap/Nodhavn/MoreOgRomsdal/3153501_Tomrefjorden.pdf","Vedtatt","3153501"
"6.228833335354805","62.480500000577216","Gangstøvika/ Flatholmen","Ålesund","Møre og Romsdal","2","https://kystinfofiler.kystverket.no/beredskap/Nodhavn/MoreOgRomsdal/3150401_Gangstoevika.pdf","Vedtatt","3150401"
"6.042333305646247","62.368666699990548","Hareid","Hareid","Møre og Romsdal","2","https://kystinfofiler.kystverket.no/beredskap/Nodhavn/MoreOgRomsdal/3151501_Hareid.pdf","Vedtatt","3151501"
"5.57150000857637","62.230333000568407","Gursken","Sande","Møre og Romsdal","2","https://kystinfofiler.kystverket.no/beredskap/Nodhavn/MoreOgRomsdal/3151401_Gursken.pdf","Vedtatt","3151401"
"5.673333009041555","62.151666700418431","Syvdefjorden","Vanylven","Møre og Romsdal","2","https://kystinfofiler.kystverket.no/beredskap/Nodhavn/MoreOgRomsdal/3151102_Syvdefjorden.pdf","Vedtatt","3151102"
"5.521000009580369","62.094000000371665","Vanylvsfjorden","Vanylven","Møre og Romsdal","1","https://kystinfofiler.kystverket.no/beredskap/Nodhavn/MoreOgRomsdal/3151101_Vanylvsfjorden.pdf","Vedtatt","3151101"
"19.561666666639372","69.801666666663607","Snarbybukta","Tromsø","Troms","2","https://kystinfofiler.kystverket.no/beredskap/Nodhavn/Troms/Snarbybuktax.pdf","Vedtatt","14"
"18.984999999981891","69.673333333332522","Breivika","Tromsø","Troms","2","https://kystinfofiler.kystverket.no/beredskap/Nodhavn/Troms/Breivikax.pdf","Vedtatt","15"
"20.548333333223951","69.549999999999145","Manndalsbukt","Kåfjord","Troms","2","https://kystinfofiler.kystverket.no/beredskap/Nodhavn/Troms/Manndalsbuktx.pdf","Vedtatt","8"
"19.369999999971931","70.108333333331018","Helgøy syd","Karlsøy","Troms","2","https://kystinfofiler.kystverket.no/beredskap/Nodhavn/Troms/Helgoy_sydx.pdf","Vedtatt","9"
"14.35658308181142","68.617178093296189","Gaukværøya","Bø","Nordland","1","https://kystinfofiler.kystverket.no/beredskap/Nodhavn/Nordland/Gaukvaeroya.pdf","Vedtatt","-99"
"14.602265471144669","68.776175809804883","Jenneset","Bø","Nordland","3","https://kystinfofiler.kystverket.no/beredskap/Nodhavn/Nordland/Jenneset V.pdf","Vedtatt","-99"
"20.528333333252679","70.058333333333564","Langfjord/Akkarvik","Skjervøy","Troms","2","https://kystinfofiler.kystverket.no/beredskap/Nodhavn/Troms/Langfjord_Akkarvikx.pdf","Vedtatt","4"
"19.214999999977341","70.066666666671352","Veggefjord","Karlsøy","Troms","2","https://kystinfofiler.kystverket.no/beredskap/Nodhavn/Troms/Veggefjordx.pdf","Vedtatt","10"
"18.498333333329807","69.433333333335952","Spilderbukta","Balsfjord","Troms","2","https://kystinfofiler.kystverket.no/beredskap/Nodhavn/Troms/Spilderbuktax.pdf","Vedtatt","20"
"17.476666666657806","69.033333333336628","Forsåbukta","Dyrøy","Troms","2","https://kystinfofiler.kystverket.no/beredskap/Nodhavn/Troms/Forsaabuktax.pdf","Vedtatt","21"
"17.186666666657686","68.776666666665619","Kipertneset","Ibestad","Troms","2","https://kystinfofiler.kystverket.no/beredskap/Nodhavn/Troms/Kipertnesetx.pdf","Vedtatt","23"
"17.436666666662276","68.691666666663963","Foldvik","Gratangen","Troms","2","https://kystinfofiler.kystverket.no/beredskap/Nodhavn/Troms/Foldvikx.pdf","Vedtatt","24"
"16.554999999991438","68.949999999997345","Dypingen","Harstad","Troms","2","https://kystinfofiler.kystverket.no/beredskap/Nodhavn/Troms/Dypingenx.pdf","Vedtatt","25"
"16.321666666657965","68.834999999996754","Kasfjord","Harstad","Troms","2","https://kystinfofiler.kystverket.no/beredskap/Nodhavn/Troms/Kasfjordx.pdf","Vedtatt","27"
"23.323333331862418","70.745000000032306","Fjordbotn","Hammerfest","Finnmark","2","https://kystinfofiler.kystverket.no/beredskap/Nodhavn/Finnmark/Fjordbotnx.pdf","Vedtatt","53"
"23.187043266207926","70.671515014989382","Langstrandfjord - Vaerbotn/Krakebukta/Kuvika","Hammerfest","Finnmark","2","https://kystinfofiler.kystverket.no/beredskap/Nodhavn/Finnmark/Vaerbotnx.pdf","Vedtatt","55"
"22.619999999207003","70.546666666681489","Øyfjorden","Hasvik","Finnmark","2","https://kystinfofiler.kystverket.no/beredskap/Nodhavn/Finnmark/Oyfjordenx.pdf","Vedtatt","57"
"22.466666665967171","70.525000000011815","Kipperfjordbotn","Hasvik","Finnmark","2","https://kystinfofiler.kystverket.no/beredskap/Nodhavn/Finnmark/Kipperfjordbotnx.pdf","Vedtatt","58"
"21.4399999997481","70.330000000000382","Loppa","Loppa","Finnmark","2","https://kystinfofiler.kystverket.no/beredskap/Nodhavn/Finnmark/Loppax.pdf","Vedtatt","59"
"21.81166666627233","70.081666666678231","Tverfjord","Kvænangen","Troms","2","https://kystinfofiler.kystverket.no/beredskap/Nodhavn/Troms/Tverfjordx.pdf","Vedtatt","2"
"20.811666666537246","70.066666666667913","Kågsundet sør om Laukøy","Skjervøy","Troms","2","https://kystinfofiler.kystverket.no/beredskap/Nodhavn/Troms/Kaagsundetx.pdf","Vedtatt","3"
"10.355833332613372","63.434000000126701","Trondheim/ Ilsvika","Trondheim","Trøndelag","2","https://kystinfofiler.kystverket.no/beredskap/Nodhavn/MoreOgRomsdal/3160101_Trondheim_Ilsvika.pdf","Vedtatt","3160101"
"9.893333333546975","63.565000000082023","Kvithyll","Indre Fosen","Trøndelag","2","https://kystinfofiler.kystverket.no/beredskap/Nodhavn/MoreOgRomsdal/3162401_Kvithyll.pdf","Vedtatt","3162401"
"9.730000000868973","63.616666666388276","Selvabukta","Orkland","Trøndelag","2","https://kystinfofiler.kystverket.no/beredskap/Nodhavn/MoreOgRomsdal/3162202_Selvabukta.pdf","Vedtatt","3162202"
"10.790000000794542","63.418333333037701","Hommelvik","Malvik","Trøndelag","2","https://kystinfofiler.kystverket.no/beredskap/Nodhavn/MoreOgRomsdal/3166301_Hommelvik.pdf","Vedtatt","3166301"
"10.844985354658538","63.437664836444071","Muruvik","Malvik","Trøndelag","2","https://kystinfofiler.kystverket.no/beredskap/Nodhavn/MoreOgRomsdal/3166302_Muruvik.pdf","Vedtatt","3166302"
"9.206666667784825","63.563333332975148","Hestvika","Hitra","Trøndelag","2","https://kystinfofiler.kystverket.no/beredskap/Nodhavn/MoreOgRomsdal/3161701_Hestvika.pdf","Vedtatt","3161701"
"8.80181435895512","63.638497472238925","Kværnhusvika","Hitra","Trøndelag","2","https://kystinfofiler.kystverket.no/beredskap/Nodhavn/MoreOgRomsdal/3161702_Kvernhusvika.pdf","Vedtatt","3161702"
"9.671332429161046","63.68682521470997","Brekstad","Ørland","Trøndelag","2","https://kystinfofiler.kystverket.no/beredskap/Nodhavn/MoreOgRomsdal/3162101_Brekstad.pdf","Vedtatt","3162101"
"9.591666667510227","63.730000000304422","Uthaug","Ørland","Trøndelag","2","https://kystinfofiler.kystverket.no/beredskap/Nodhavn/MoreOgRomsdal/3162102_Uthaug.pdf","Vedtatt","3162102"
"9.918333333128052","63.929999999728039","Kabelvågen / Lauvøya","Åfjord","Trøndelag","2","https://kystinfofiler.kystverket.no/beredskap/Nodhavn/MoreOgRomsdal/3163001 Kabelvaagen_Lauvooya.pdf","Vedtatt","3163001"
"10.073333332725689","64.174999999832337","Allmeningen","Åfjord","Trøndelag","2","https://kystinfofiler.kystverket.no/beredskap/Nodhavn/MoreOgRomsdal/3163201_Allmeningen.pdf","Vedtatt","3163201"
"10.443333333757781","64.328333332911271","Sandviksberget m/Strandholmen","Osen","Trøndelag","2","https://kystinfofiler.kystverket.no/beredskap/Nodhavn/MoreOgRomsdal/3163301_Sandviksberget med Strandholmen.pdf","Vedtatt","3163301"
"10.499999999304949","64.340000000109029","Hopsfjorden","Osen","Trøndelag","2","https://kystinfofiler.kystverket.no/beredskap/Nodhavn/MoreOgRomsdal/3163302_Hopsfjorden.pdf","Vedtatt","3163302"
"10.466666402034869","64.333333862825356","Høyvika","Osen","Trøndelag","2","https://kystinfofiler.kystverket.no/beredskap/Nodhavn/MoreOgRomsdal/3163303_Hooyvika.pdf","Vedtatt","3163303"
"10.883333333135893","63.466666666951156","Stjørdal","Stjørdal","Trøndelag","2","https://kystinfofiler.kystverket.no/beredskap/Nodhavn/MoreOgRomsdal/3171401_Stjoordal.pdf","Vedtatt","3171401"
"10.830166673045655","63.541163692813889","Steinvikholmen kai","Stjørdal","Trøndelag","2","https://kystinfofiler.kystverket.no/beredskap/Nodhavn/MoreOgRomsdal/3141402_Steinvikholmen kai.pdf","Vedtatt","3141402"
"10.888815763672463","63.545493117549199","Lagstein","Stjørdal","Trøndelag","2","https://kystinfofiler.kystverket.no/beredskap/Nodhavn/MoreOgRomsdal/3171403_Lagstein.pdf","Vedtatt","3171403"
"10.819999999969111","63.58666666676595","Åsenfjorden / Hyndøyvågen","Frosta","Trøndelag","2","https://kystinfofiler.kystverket.no/beredskap/Nodhavn/MoreOgRomsdal/3171701_Aasenfjorden_Hyndooyvaagen.pdf","Vedtatt","3171701"
"10.901666666613368","63.588333333001749","Åsenfjorden / Lofjorden","Levanger","Trøndelag","2","https://kystinfofiler.kystverket.no/beredskap/Nodhavn/MoreOgRomsdal/3171901_Aasenfjorden_Lofjorden.pdf","Vedtatt","3171901"
"10.806666666304581","63.638333333245782","Fåneshavna","Frosta","Trøndelag","2","https://kystinfofiler.kystverket.no/beredskap/Nodhavn/MoreOgRomsdal/3171702_Faaneshavna.pdf","Vedtatt","3171702"
"11.163333333057878","63.713333333054308","Skogn","Levanger","Trøndelag","2","https://kystinfofiler.kystverket.no/beredskap/Nodhavn/MoreOgRomsdal/3171902_Skogn.pdf","Vedtatt","3171902"
"11.301666666217816","63.755000000067824","Rørstadbukta","Levanger","Trøndelag","2","https://kystinfofiler.kystverket.no/beredskap/Nodhavn/MoreOgRomsdal/3171903_Roorstadbukta.pdf","Vedtatt","3171903"
"11.4333333335654","63.7949999998104","Akrer Verdal/ Verdal havn/ Rinnleiret","Verdal","Trøndelag","2","https://kystinfofiler.kystverket.no/beredskap/Nodhavn/MoreOgRomsdal/3172101_Aker Verdal_Verdal havn_Rinnleiret.pdf","Vedtatt","3172101"
"10.999999999391836","63.89166666704476","Gipling","Inderøy","Trøndelag","2","https://kystinfofiler.kystverket.no/beredskap/Nodhavn/MoreOgRomsdal/3172301_Gipling.pdf","Vedtatt","3172301"
"11.188333332777704","63.913333332983164","Kjerknesvågen","Inderøy","Trøndelag","2","https://kystinfofiler.kystverket.no/beredskap/Nodhavn/MoreOgRomsdal/3172901_Kjerknesvaagen.pdf","Vedtatt","3172901"
"11.466666666336346","64.011666666437733","Bogatangen","Steinkjer","Trøndelag","99","https://kystinfofiler.kystverket.no/beredskap/Nodhavn/MoreOgRomsdal/3170201_Bogatangen.pdf","Vedtatt","3170201"
"11.228333333369848","64.071666667049655","Malm","Steinkjer","Trøndelag","2","https://kystinfofiler.kystverket.no/beredskap/Nodhavn/MoreOgRomsdal/3172402_Malm.pdf","Vedtatt","3172402"
"11.099999999801698","63.980000000353172","Follafoss","Steinkjer","Trøndelag","2","https://kystinfofiler.kystverket.no/beredskap/Nodhavn/MoreOgRomsdal/3172401_Follafoss.pdf","Vedtatt","3172401"
"11.499999999090251","64.449999999530377","Namsos m/Spillum","Namsos","Trøndelag","2","https://kystinfofiler.kystverket.no/beredskap/Nodhavn/MoreOgRomsdal/3170301_Namsos med Spillum.pdf","Vedtatt","3170301"
"11.316666667247944","64.683333333793911","Fosnesvågen","Namsos","Trøndelag","2","https://kystinfofiler.kystverket.no/beredskap/Nodhavn/MoreOgRomsdal/3174801_Fosnesvaagen.pdf","Vedtatt","3174801"
"11.416666666206821","64.696666666270204","Varpvika / Movika","Namsos","Trøndelag","2","https://kystinfofiler.kystverket.no/beredskap/Nodhavn/MoreOgRomsdal/3174802_Varpvika_Movika.pdf","Vedtatt","3174802"
"11.319999998956485","64.741666666698748","Løvmo kai","Nærøysund","Trøndelag","2","https://kystinfofiler.kystverket.no/beredskap/Nodhavn/MoreOgRomsdal/3175101_Loovmo kai.pdf","Vedtatt","3175101"
"11.550000000082843","64.799999999604907","Kjeøytaren","Nærøysund","Trøndelag","2","https://kystinfofiler.kystverket.no/beredskap/Nodhavn/MoreOgRomsdal/3175102_Kjeooytaren.pdf","Vedtatt","3175102"
"11.729999999748511","65.086666666517999","Husbysjøen","Leka","Trøndelag","2","https://kystinfofiler.kystverket.no/beredskap/Nodhavn/MoreOgRomsdal/3175501_Husbysjooen.pdf","Vedtatt","3175501"
"11.818500000785006","65.082833333366025","Gutvik","Leka","Trøndelag","2","https://kystinfofiler.kystverket.no/beredskap/Nodhavn/MoreOgRomsdal/3175502_Gutvik.pdf","Vedtatt","3175502"
"9.305000000291249","63.519999999712482","Vingvågen","Hitra","Trøndelag","2","https://kystinfofiler.kystverket.no/beredskap/Nodhavn/MoreOgRomsdal/3162201_Vingvaagen.pdf","Vedtatt","3162201"
"11.17000000090991","64.493333333129428","Saltbuodden / Nordstattland.","Namsos","Trøndelag","2","https://kystinfofiler.kystverket.no/beredskap/Nodhavn/MoreOgRomsdal/3172501_Saltbuodden_Nordstattland.pdf","Vedtatt","3172501"
"11.08333333371419","64.516666666624744","Leirvika","Namsos","Trøndelag","2","https://kystinfofiler.kystverket.no/beredskap/Nodhavn/MoreOgRomsdal/3172502_Leirvika.pdf","Vedtatt","3172502"
"11.700000000525726","64.800000000015046","Risvikbukta / Storhestvika","Nærøysund","Trøndelag","2","https://kystinfofiler.kystverket.no/beredskap/Nodhavn/MoreOgRomsdal/3175103_Risvikbukta_Storhestvika.pdf","Vedtatt","3175103"
"11.284999305630294","64.859159670834259","Ottersøy","Nærøysund","Trøndelag","2","https://kystinfofiler.kystverket.no/beredskap/Nodhavn/MoreOgRomsdal/3175104_Ottersooy.pdf","Vedtatt","3175104"
"11.621666666995383","64.863333333666802","Kolvereid","Nærøysund","Trøndelag","2","https://kystinfofiler.kystverket.no/beredskap/Nodhavn/MoreOgRomsdal/3175105_Kolvereid.pdf","Vedtatt","3175105"
"9.110000000536113","63.303333333539619","Holla og Grøtvågen","Heim","Trøndelag","2","https://kystinfofiler.kystverket.no/beredskap/Nodhavn/MoreOgRomsdal/3161201_Holla og Grootvaagen.pdf","Vedtatt","3161201"
"9.126496575182994","63.345829456460216","Fitjavågen","Heim","Trøndelag","2","https://kystinfofiler.kystverket.no/beredskap/Nodhavn/MoreOgRomsdal/3161202_Fitjavaagen.pdf","Vedtatt","3161202"
"15.633306289708321","78.233324999172112","Longyearbyen, Adventfjorden","Svalbard","Svalbard","99","https://kystinfofiler.kystverket.no/beredskap/Nodhavn/Svalbard/6211107-Longyearbyen, Adventfjorden.pdf","Vedtatt","6211107"
"11.866637461811839","78.828329816133888","Engelskbukta, Forlandsundet","Svalbard","Svalbard","99","https://kystinfofiler.kystverket.no/beredskap/Nodhavn/Svalbard/6211145-Engelskbukta, Forlandsundet.pdf","Vedtatt","6211145"
"14.166651467474454","79.616663068843494","Jakobsenbukta, Woodfjorden","Svalbard","Svalbard","99","https://kystinfofiler.kystverket.no/beredskap/Nodhavn/Svalbard/6211142-Jakobsenbukta, Woodfjorden.pdf","Vedtatt","6211142"
"16.399997163468782","78.649999941108135","Pyramiden, Mimerbukta, Billefjorden","Svalbard","Svalbard","99","https://kystinfofiler.kystverket.no/beredskap/Nodhavn/Svalbard/6211143-Pyramiden, Mimerbukta, Billefjorden.pdf","Vedtatt","6211143"
"17.733328781064746","79.549993849787199","Faksevågen, Lomfjorden","Svalbard","Svalbard","99","https://kystinfofiler.kystverket.no/beredskap/Nodhavn/Svalbard/6211128-Faksevaagen, Lomfjorden.pdf","Vedtatt","6211128"
"20.78328028941452","79.574993985059294","Palanderbukta, Nordaustlandet","Svalbard","Svalbard","99","https://kystinfofiler.kystverket.no/beredskap/Nodhavn/Svalbard/6211127-Palanderbukta, Nordaustlandet.pdf","Vedtatt","6211127"
"19.999973678198216","79.071658961043454","Binnebukta, Bjørnsundet","Svalbard","Svalbard","99","https://kystinfofiler.kystverket.no/beredskap/Nodhavn/Svalbard/6211129-Binnebukta, Bjoornsundet.pdf","Vedtatt","6211129"
"20.833302545089467","78.208326545283626","Sundbukta, Freemansundet","Svalbard","Svalbard","99","https://kystinfofiler.kystverket.no/beredskap/Nodhavn/Svalbard/6211131-Sundbukta, Freemansundet.pdf","Vedtatt","6211131"
"18.566630184812471","77.999998117938219","Agardhbukta, Storfjorden","Svalbard","Svalbard","99","https://kystinfofiler.kystverket.no/beredskap/Nodhavn/Svalbard/6211132-Agardhbukta, Storfjorden.pdf","Vedtatt","6211132"
"16.516636675000299","78.423332991545308","Gipsvika, Sassenfjorden","Svalbard","Svalbard","99","https://kystinfofiler.kystverket.no/beredskap/Nodhavn/Svalbard/6211144-Gipsvika, Sassenfjorden.pdf","Vedtatt","6211144"
"21.016662080287748","77.624998951425496","Russebukta, Edgeøya","Svalbard","Svalbard","99","https://kystinfofiler.kystverket.no/beredskap/Nodhavn/Svalbard/6211137-Russebukta, Edgeooya.pdf","Vedtatt","6211137"
"17.866654789353074","77.449998025190439","Kvalvågen, Storfjorden","Svalbard","Svalbard","99","https://kystinfofiler.kystverket.no/beredskap/Nodhavn/Svalbard/6211133-Kvalvaagen, Storfjorden.pdf","Vedtatt","6211133"
"15.983293875528931","77.041660624694828","Burgerbukta, Hornsund","Svalbard","Svalbard","99","https://kystinfofiler.kystverket.no/beredskap/Nodhavn/Svalbard/6211138-Burgerbukta, Hornsund.pdf","Vedtatt","6211138"
"15.833312449150524","76.949996742212718","Gåshamna, Hornsund","Svalbard","Svalbard","99","https://kystinfofiler.kystverket.no/beredskap/Nodhavn/Svalbard/6211101-Gaashamna, Hornsund.pdf","Vedtatt","6211101"
"15.57664745297892","76.998331672812824","Isbjørnhamna, Hornsund","Svalbard","Svalbard","99","https://kystinfofiler.kystverket.no/beredskap/Nodhavn/Svalbard/6211139-Isbjoornhamna, Hornsund.pdf","Vedtatt","6211139"
"14.56666285782522","77.499991131021119","Vestervågen, Recherchefjorden","Svalbard","Svalbard","99","https://kystinfofiler.kystverket.no/beredskap/Nodhavn/Svalbard/6211102-Vestervaagen, Recherchefjorden.pdf","Vedtatt","6211102"
"14.916665336554011","77.616663135640337","VanKeulenhamna","Svalbard","Svalbard","99","https://kystinfofiler.kystverket.no/beredskap/Nodhavn/Svalbard/6211103-VanKeulenhamna.pdf","Vedtatt","6211103"
"14.249998144755832","78.021659044979003","Ankerhamna, Grønfjorden, Isfjorden","Svalbard","Svalbard","99","https://kystinfofiler.kystverket.no/beredskap/Nodhavn/Svalbard/6211105-Ankerhamna, Groonfjorden, Isfjorden.pdf","Vedtatt","6211105"
"14.949972787689788","78.116664935277342","Colesbukta, Isfjorden","Svalbard","Svalbard","99","https://kystinfofiler.kystverket.no/beredskap/Nodhavn/Svalbard/6211106-Colesbukta, Isfjorden.pdf","Vedtatt","6211106"
"16.026635298041288","78.524998806332135","Skansbukta, Billefjorden","Svalbard","Svalbard","99","https://kystinfofiler.kystverket.no/beredskap/Nodhavn/Svalbard/6211108-Skansbukta, Billefjorden.pdf","Vedtatt","6211108"
"13.783330295944971","78.249995771070161","Trygghamna, Isfjorden","Svalbard","Svalbard","99","https://kystinfofiler.kystverket.no/beredskap/Nodhavn/Svalbard/6211112-Trygghamna, Isfjorden.pdf","Vedtatt","6211112"
"12.999995178536791","78.524994375171701","StJonsfjorden, Forlandsundet","Svalbard","Svalbard","99","https://kystinfofiler.kystverket.no/beredskap/Nodhavn/Svalbard/6211141-StJonsfjorden, Forlandsundet.pdf","Vedtatt","6211141"
"11.433312028815603","78.583331497780975","Selvågen, Forlandsundet","Svalbard","Svalbard","99","https://kystinfofiler.kystverket.no/beredskap/Nodhavn/Svalbard/6211113-Selvaagen, Forlandsundet.pdf","Vedtatt","6211113"
"11.866656504823458","79.269993051864361","Möllerhamna, Möllerfjorden","Svalbard","Svalbard","99","https://kystinfofiler.kystverket.no/beredskap/Nodhavn/Svalbard/6211134-Mollerhamna, Mollerfjorden.pdf","Vedtatt","6211134"
"11.549973978422674","79.271659033589799","Signehamna, Lilliehöökfjorden","Svalbard","Svalbard","99","https://kystinfofiler.kystverket.no/beredskap/Nodhavn/Svalbard/6211114-Signehamna, Lilliehookfjorden.pdf","Vedtatt","6211114"
"11.061643301841784","79.558332293642607","Trinityhamna, Magdalenefjorden","Svalbard","Svalbard","99","https://kystinfofiler.kystverket.no/beredskap/Nodhavn/Svalbard/6211115-Trinityhamna, Magdalenefjorden.pdf","Vedtatt","6211115"
"11.149992007239984","79.641665509655951","Scheibukta, Bjørnfjorden","Svalbard","Svalbard","99","https://kystinfofiler.kystverket.no/beredskap/Nodhavn/Svalbard/6211116-Scheibukta, Bjoornfjorden.pdf","Vedtatt","6211116"
"12.199956389027887","79.733330535618194","Alicehamna, Raudfjorden","Svalbard","Svalbard","99","https://kystinfofiler.kystverket.no/beredskap/Nodhavn/Svalbard/6211117-Alicehamna, Raudfjorden.pdf","Vedtatt","6211117"
"20.533323038394325","78.283328954504597","Anderssonbukta, Storfjorden","Svalbard","Svalbard","99","https://kystinfofiler.kystverket.no/beredskap/Nodhavn/Svalbard/6211136-Anderssonbukta, Storfjorden.pdf","Vedtatt","6211136"
"15.358296529168831","77.84166351623702","Kaldbukta, Van Mijenfjorden","Svalbard","Svalbard","99","https://kystinfofiler.kystverket.no/beredskap/Nodhavn/Svalbard/6211140-Kaldbukta, Van Mijenfjorden.pdf","Vedtatt","6211140"
"10.949968477906889","79.549991143532338","Gullybukta, Magdalenefjorden","Svalbard","Svalbard","99","https://kystinfofiler.kystverket.no/beredskap/Nodhavn/Svalbard/6211135-Gullybukta, Magdalenefjorden.pdf","Vedtatt","6211135"
"12.733297796336759","79.613324592019211","Texas bar, Liefdefjorden","Svalbard","Svalbard","99","https://kystinfofiler.kystverket.no/beredskap/Nodhavn/Svalbard/6211118-Texas bar, Liefdefjorden.pdf","Vedtatt","6211118"
"16.833319705793155","79.909998036193798","Sorgfjorden","Svalbard","Svalbard","99","https://kystinfofiler.kystverket.no/beredskap/Nodhavn/Svalbard/6211119-Sorgfjorden.pdf","Vedtatt","6211119"
"18.216634866228205","80.041666755826157","Kinnvika, Murchisonfjorden","Svalbard","Svalbard","99","https://kystinfofiler.kystverket.no/beredskap/Nodhavn/Svalbard/6211120-Kinnvika, Murchisonfjorden.pdf","Vedtatt","6211120"
